[     210ms] [INFO] %cDownload the React DevTools for a better development experience: https://react.dev/link/react-devtools font-weight:bold @ http://localhost:3000/_next/static/chunks/0xn0_next_dist_0-rlh9~._.js:2477
[     251ms] [LOG] [HMR] connected @ http://localhost:3000/_next/static/chunks/0xn0_next_dist_0-rlh9~._.js:2477
[     548ms] [LOG] [Fast Refresh] rebuilding @ http://localhost:3000/_next/static/chunks/0xn0_next_dist_0-rlh9~._.js:2477
[     697ms] [LOG] [Fast Refresh] done in 262ms @ http://localhost:3000/_next/static/chunks/0xn0_next_dist_0-rlh9~._.js:2477
[   16271ms] [LOG] [Fast Refresh] rebuilding @ http://localhost:3000/_next/static/chunks/0xn0_next_dist_0-rlh9~._.js:2477
[   17548ms] [LOG] [Fast Refresh] done in 1279ms @ http://localhost:3000/_next/static/chunks/0xn0_next_dist_0-rlh9~._.js:2477
[   52500ms] [ERROR] Failed to load resource: net::ERR_NAME_NOT_RESOLVED @ https://www.googletagmanager.com/gtm.js:0
[   60562ms] [ERROR] Failed to load resource: net::ERR_NAME_NOT_RESOLVED @ https://giscus.app/client.js:0
[   80241ms] [LOG] [Fast Refresh] rebuilding @ http://localhost:3000/_next/static/chunks/0xn0_next_dist_0-rlh9~._.js:2477
[   80363ms] [LOG] [Fast Refresh] done in 194ms @ http://localhost:3000/_next/static/chunks/0xn0_next_dist_0-rlh9~._.js:2477
[   98899ms] [LOG] [Fast Refresh] rebuilding @ http://localhost:3000/_next/static/chunks/0xn0_next_dist_0-rlh9~._.js:2477
[   99035ms] [LOG] [Fast Refresh] done in 63ms @ http://localhost:3000/_next/static/chunks/0xn0_next_dist_0-rlh9~._.js:2477
[  108039ms] [LOG] [Fast Refresh] rebuilding @ http://localhost:3000/_next/static/chunks/0xn0_next_dist_0-rlh9~._.js:2477
[  108068ms] [LOG] [Fast Refresh] done in 53ms @ http://localhost:3000/_next/static/chunks/0xn0_next_dist_0-rlh9~._.js:2477
[  119439ms] [LOG] [Fast Refresh] rebuilding @ http://localhost:3000/_next/static/chunks/0xn0_next_dist_0-rlh9~._.js:2477
[  119528ms] [LOG] [Fast Refresh] done in 102ms @ http://localhost:3000/_next/static/chunks/0xn0_next_dist_0-rlh9~._.js:2477
[  124882ms] [LOG] [Fast Refresh] rebuilding @ http://localhost:3000/_next/static/chunks/0xn0_next_dist_0-rlh9~._.js:2477
[  125022ms] [LOG] [Fast Refresh] done in 128ms @ http://localhost:3000/_next/static/chunks/0xn0_next_dist_0-rlh9~._.js:2477
[  143600ms] [LOG] [Fast Refresh] rebuilding @ http://localhost:3000/_next/static/chunks/0xn0_next_dist_0-rlh9~._.js:2477
[  143698ms] [ERROR] IntlError: MISSING_MESSAGE: Could not resolve `series` in messages for locale `ko`.
    at getMessagesOrError (http://localhost:3000/_next/static/chunks/node_modules__pnpm_073u4m3._.js:1816:27)
    at createBaseTranslator (http://localhost:3000/_next/static/chunks/node_modules__pnpm_073u4m3._.js:1821:29)
    at useTranslationsImpl.useMemo[translate] (http://localhost:3000/_next/static/chunks/node_modules__pnpm_073u4m3._.js:2342:332)
    at mountMemo (http://localhost:3000/_next/static/chunks/0xn0_next_dist_compiled_react-dom_0tq~lu8._.js:5393:25)
    at Object.useMemo (http://localhost:3000/_next/static/chunks/0xn0_next_dist_compiled_react-dom_0tq~lu8._.js:15213:24)
    at exports.useMemo (http://localhost:3000/_next/static/chunks/0xn0_next_dist_compiled_0bc8sc2._.js:1742:36)
    at useTranslationsImpl (http://localhost:3000/_next/static/chunks/node_modules__pnpm_073u4m3._.js:2341:357)
    at useTranslations (http://localhost:3000/_next/static/chunks/node_modules__pnpm_073u4m3._.js:2380:12)
    at http://localhost:3000/_next/static/chunks/node_modules__pnpm_073u4m3._.js:5715:20
    at SeriesSection (http://localhost:3000/_next/static/chunks/_0gnusxm._.js?id=%255Bproject%255D%252Fcomponents%252Fseries%252Fseries-section.tsx+%255Bapp-client%255D+%2528ecmascript%2529:18:437)
    at Object.react_stack_bottom_frame (http://localhost:3000/_next/static/chunks/0xn0_next_dist_compiled_react-dom_0tq~lu8._.js:15037:24)
    at renderWithHooks (http://localhost:3000/_next/static/chunks/0xn0_next_dist_compiled_react-dom_0tq~lu8._.js:4620:24)
    at updateFunctionComponent (http://localhost:3000/_next/static/chunks/0xn0_next_dist_compiled_react-dom_0tq~lu8._.js:6081:21)
    at beginWork (http://localhost:3000/_next/static/chunks/0xn0_next_dist_compiled_react-dom_0tq~lu8._.js:6691:24)
    at runWithFiberInDEV (http://localhost:3000/_next/static/chunks/0xn0_next_dist_compiled_react-dom_0tq~lu8._.js:965:74)
    at performUnitOfWork (http://localhost:3000/_next/static/chunks/0xn0_next_dist_compiled_react-dom_0tq~lu8._.js:9555:97)
    at workLoopSync (http://localhost:3000/_next/static/chunks/0xn0_next_dist_compiled_react-dom_0tq~lu8._.js:9449:40)
    at renderRootSync (http://localhost:3000/_next/static/chunks/0xn0_next_dist_compiled_react-dom_0tq~lu8._.js:9433:13)
    at performWorkOnRoot (http://localhost:3000/_next/static/chunks/0xn0_next_dist_compiled_react-dom_0tq~lu8._.js:9061:186)
    at performSyncWorkOnRoot (http://localhost:3000/_next/static/chunks/0xn0_next_dist_compiled_react-dom_0tq~lu8._.js:10263:9)
    at flushSyncWorkAcrossRoots_impl (http://localhost:3000/_next/static/chunks/0xn0_next_dist_compiled_react-dom_0tq~lu8._.js:10179:316)
    at flushSyncWork$1 (http://localhost:3000/_next/static/chunks/0xn0_next_dist_compiled_react-dom_0tq~lu8._.js:9230:86)
    at Object.scheduleRefresh (http://localhost:3000/_next/static/chunks/0xn0_next_dist_compiled_react-dom_0tq~lu8._.js:299:13)
    at http://localhost:3000/_next/static/chunks/0xn0_next_dist_compiled_0bc8sc2._.js:391:33
    at Set.forEach (<anonymous>)
    at Object.performReactRefresh (http://localhost:3000/_next/static/chunks/0xn0_next_dist_compiled_0bc8sc2._.js:384:38)
    at applyUpdate (http://localhost:3000/_next/static/chunks/0xn0_next_dist_compiled_0bc8sc2._.js:878:31)
    at http://localhost:3000/_next/static/chunks/0xn0_next_dist_compiled_0bc8sc2._.js:886:13 @ http://localhost:3000/_next/static/chunks/0xn0_next_dist_0-rlh9~._.js:3318
[  143698ms] [ERROR] IntlError: MISSING_MESSAGE: Could not resolve `series` in messages for locale `ko`.
    at getMessagesOrError (http://localhost:3000/_next/static/chunks/node_modules__pnpm_073u4m3._.js:1816:27)
    at createBaseTranslator (http://localhost:3000/_next/static/chunks/node_modules__pnpm_073u4m3._.js:1821:29)
    at useTranslationsImpl.useMemo[translate] (http://localhost:3000/_next/static/chunks/node_modules__pnpm_073u4m3._.js:2342:332)
    at mountMemo (http://localhost:3000/_next/static/chunks/0xn0_next_dist_compiled_react-dom_0tq~lu8._.js:5393:25)
    at Object.useMemo (http://localhost:3000/_next/static/chunks/0xn0_next_dist_compiled_react-dom_0tq~lu8._.js:15213:24)
    at exports.useMemo (http://localhost:3000/_next/static/chunks/0xn0_next_dist_compiled_0bc8sc2._.js:1742:36)
    at useTranslationsImpl (http://localhost:3000/_next/static/chunks/node_modules__pnpm_073u4m3._.js:2341:357)
    at useTranslations (http://localhost:3000/_next/static/chunks/node_modules__pnpm_073u4m3._.js:2380:12)
    at http://localhost:3000/_next/static/chunks/node_modules__pnpm_073u4m3._.js:5715:20
    at SeriesSection (http://localhost:3000/_next/static/chunks/_0gnusxm._.js?id=%255Bproject%255D%252Fcomponents%252Fseries%252Fseries-section.tsx+%255Bapp-client%255D+%2528ecmascript%2529:18:437)
    at Object.react_stack_bottom_frame (http://localhost:3000/_next/static/chunks/0xn0_next_dist_compiled_react-dom_0tq~lu8._.js:15037:24)
    at renderWithHooks (http://localhost:3000/_next/static/chunks/0xn0_next_dist_compiled_react-dom_0tq~lu8._.js:4620:24)
    at updateFunctionComponent (http://localhost:3000/_next/static/chunks/0xn0_next_dist_compiled_react-dom_0tq~lu8._.js:6081:21)
    at beginWork (http://localhost:3000/_next/static/chunks/0xn0_next_dist_compiled_react-dom_0tq~lu8._.js:6691:24)
    at runWithFiberInDEV (http://localhost:3000/_next/static/chunks/0xn0_next_dist_compiled_react-dom_0tq~lu8._.js:965:74)
    at performUnitOfWork (http://localhost:3000/_next/static/chunks/0xn0_next_dist_compiled_react-dom_0tq~lu8._.js:9555:97)
    at workLoopSync (http://localhost:3000/_next/static/chunks/0xn0_next_dist_compiled_react-dom_0tq~lu8._.js:9449:40)
    at renderRootSync (http://localhost:3000/_next/static/chunks/0xn0_next_dist_compiled_react-dom_0tq~lu8._.js:9433:13)
    at performWorkOnRoot (http://localhost:3000/_next/static/chunks/0xn0_next_dist_compiled_react-dom_0tq~lu8._.js:9061:186)
    at performSyncWorkOnRoot (http://localhost:3000/_next/static/chunks/0xn0_next_dist_compiled_react-dom_0tq~lu8._.js:10263:9)
    at flushSyncWorkAcrossRoots_impl (http://localhost:3000/_next/static/chunks/0xn0_next_dist_compiled_react-dom_0tq~lu8._.js:10179:316)
    at flushSyncWork$1 (http://localhost:3000/_next/static/chunks/0xn0_next_dist_compiled_react-dom_0tq~lu8._.js:9230:86)
    at Object.scheduleRefresh (http://localhost:3000/_next/static/chunks/0xn0_next_dist_compiled_react-dom_0tq~lu8._.js:299:13)
    at http://localhost:3000/_next/static/chunks/0xn0_next_dist_compiled_0bc8sc2._.js:391:33
    at Set.forEach (<anonymous>)
    at Object.performReactRefresh (http://localhost:3000/_next/static/chunks/0xn0_next_dist_compiled_0bc8sc2._.js:384:38)
    at applyUpdate (http://localhost:3000/_next/static/chunks/0xn0_next_dist_compiled_0bc8sc2._.js:878:31)
    at http://localhost:3000/_next/static/chunks/0xn0_next_dist_compiled_0bc8sc2._.js:886:13 @ http://localhost:3000/_next/static/chunks/0xn0_next_dist_0-rlh9~._.js:3318
[  143699ms] [ERROR] IntlError: MISSING_MESSAGE: Could not resolve `series` in messages for locale `ko`.
    at getMessagesOrError (http://localhost:3000/_next/static/chunks/node_modules__pnpm_073u4m3._.js:1816:27)
    at createBaseTranslator (http://localhost:3000/_next/static/chunks/node_modules__pnpm_073u4m3._.js:1821:29)
    at useTranslationsImpl.useMemo[translate] (http://localhost:3000/_next/static/chunks/node_modules__pnpm_073u4m3._.js:2342:332)
    at mountMemo (http://localhost:3000/_next/static/chunks/0xn0_next_dist_compiled_react-dom_0tq~lu8._.js:5393:25)
    at Object.useMemo (http://localhost:3000/_next/static/chunks/0xn0_next_dist_compiled_react-dom_0tq~lu8._.js:15213:24)
    at exports.useMemo (http://localhost:3000/_next/static/chunks/0xn0_next_dist_compiled_0bc8sc2._.js:1742:36)
    at useTranslationsImpl (http://localhost:3000/_next/static/chunks/node_modules__pnpm_073u4m3._.js:2341:357)
    at useTranslations (http://localhost:3000/_next/static/chunks/node_modules__pnpm_073u4m3._.js:2380:12)
    at http://localhost:3000/_next/static/chunks/node_modules__pnpm_073u4m3._.js:5715:20
    at SeriesSection (http://localhost:3000/_next/static/chunks/_0gnusxm._.js?id=%255Bproject%255D%252Fcomponents%252Fseries%252Fseries-section.tsx+%255Bapp-client%255D+%2528ecmascript%2529:18:437)
    at Object.react_stack_bottom_frame (http://localhost:3000/_next/static/chunks/0xn0_next_dist_compiled_react-dom_0tq~lu8._.js:15037:24)
    at renderWithHooks (http://localhost:3000/_next/static/chunks/0xn0_next_dist_compiled_react-dom_0tq~lu8._.js:4620:24)
    at updateFunctionComponent (http://localhost:3000/_next/static/chunks/0xn0_next_dist_compiled_react-dom_0tq~lu8._.js:6081:21)
    at beginWork (http://localhost:3000/_next/static/chunks/0xn0_next_dist_compiled_react-dom_0tq~lu8._.js:6691:24)
    at runWithFiberInDEV (http://localhost:3000/_next/static/chunks/0xn0_next_dist_compiled_react-dom_0tq~lu8._.js:965:74)
    at performUnitOfWork (http://localhost:3000/_next/static/chunks/0xn0_next_dist_compiled_react-dom_0tq~lu8._.js:9555:97)
    at workLoopSync (http://localhost:3000/_next/static/chunks/0xn0_next_dist_compiled_react-dom_0tq~lu8._.js:9449:40)
    at renderRootSync (http://localhost:3000/_next/static/chunks/0xn0_next_dist_compiled_react-dom_0tq~lu8._.js:9433:13)
    at performWorkOnRoot (http://localhost:3000/_next/static/chunks/0xn0_next_dist_compiled_react-dom_0tq~lu8._.js:9061:186)
    at performSyncWorkOnRoot (http://localhost:3000/_next/static/chunks/0xn0_next_dist_compiled_react-dom_0tq~lu8._.js:10263:9)
    at flushSyncWorkAcrossRoots_impl (http://localhost:3000/_next/static/chunks/0xn0_next_dist_compiled_react-dom_0tq~lu8._.js:10179:316)
    at flushSyncWork$1 (http://localhost:3000/_next/static/chunks/0xn0_next_dist_compiled_react-dom_0tq~lu8._.js:9230:86)
    at Object.scheduleRefresh (http://localhost:3000/_next/static/chunks/0xn0_next_dist_compiled_react-dom_0tq~lu8._.js:299:13)
    at http://localhost:3000/_next/static/chunks/0xn0_next_dist_compiled_0bc8sc2._.js:391:33
    at Set.forEach (<anonymous>)
    at Object.performReactRefresh (http://localhost:3000/_next/static/chunks/0xn0_next_dist_compiled_0bc8sc2._.js:384:38)
    at applyUpdate (http://localhost:3000/_next/static/chunks/0xn0_next_dist_compiled_0bc8sc2._.js:878:31)
    at http://localhost:3000/_next/static/chunks/0xn0_next_dist_compiled_0bc8sc2._.js:886:13 @ http://localhost:3000/_next/static/chunks/0xn0_next_dist_0-rlh9~._.js:3318
[  143699ms] [ERROR] IntlError: MISSING_MESSAGE: Could not resolve `series` in messages for locale `ko`.
    at getMessagesOrError (http://localhost:3000/_next/static/chunks/node_modules__pnpm_073u4m3._.js:1816:27)
    at createBaseTranslator (http://localhost:3000/_next/static/chunks/node_modules__pnpm_073u4m3._.js:1821:29)
    at useTranslationsImpl.useMemo[translate] (http://localhost:3000/_next/static/chunks/node_modules__pnpm_073u4m3._.js:2342:332)
    at mountMemo (http://localhost:3000/_next/static/chunks/0xn0_next_dist_compiled_react-dom_0tq~lu8._.js:5393:25)
    at Object.useMemo (http://localhost:3000/_next/static/chunks/0xn0_next_dist_compiled_react-dom_0tq~lu8._.js:15213:24)
    at exports.useMemo (http://localhost:3000/_next/static/chunks/0xn0_next_dist_compiled_0bc8sc2._.js:1742:36)
    at useTranslationsImpl (http://localhost:3000/_next/static/chunks/node_modules__pnpm_073u4m3._.js:2341:357)
    at useTranslations (http://localhost:3000/_next/static/chunks/node_modules__pnpm_073u4m3._.js:2380:12)
    at http://localhost:3000/_next/static/chunks/node_modules__pnpm_073u4m3._.js:5715:20
    at SeriesSection (http://localhost:3000/_next/static/chunks/_0gnusxm._.js?id=%255Bproject%255D%252Fcomponents%252Fseries%252Fseries-section.tsx+%255Bapp-client%255D+%2528ecmascript%2529:18:437)
    at Object.react_stack_bottom_frame (http://localhost:3000/_next/static/chunks/0xn0_next_dist_compiled_react-dom_0tq~lu8._.js:15037:24)
    at renderWithHooks (http://localhost:3000/_next/static/chunks/0xn0_next_dist_compiled_react-dom_0tq~lu8._.js:4620:24)
    at updateFunctionComponent (http://localhost:3000/_next/static/chunks/0xn0_next_dist_compiled_react-dom_0tq~lu8._.js:6081:21)
    at beginWork (http://localhost:3000/_next/static/chunks/0xn0_next_dist_compiled_react-dom_0tq~lu8._.js:6691:24)
    at runWithFiberInDEV (http://localhost:3000/_next/static/chunks/0xn0_next_dist_compiled_react-dom_0tq~lu8._.js:965:74)
    at performUnitOfWork (http://localhost:3000/_next/static/chunks/0xn0_next_dist_compiled_react-dom_0tq~lu8._.js:9555:97)
    at workLoopSync (http://localhost:3000/_next/static/chunks/0xn0_next_dist_compiled_react-dom_0tq~lu8._.js:9449:40)
    at renderRootSync (http://localhost:3000/_next/static/chunks/0xn0_next_dist_compiled_react-dom_0tq~lu8._.js:9433:13)
    at performWorkOnRoot (http://localhost:3000/_next/static/chunks/0xn0_next_dist_compiled_react-dom_0tq~lu8._.js:9061:186)
    at performSyncWorkOnRoot (http://localhost:3000/_next/static/chunks/0xn0_next_dist_compiled_react-dom_0tq~lu8._.js:10263:9)
    at flushSyncWorkAcrossRoots_impl (http://localhost:3000/_next/static/chunks/0xn0_next_dist_compiled_react-dom_0tq~lu8._.js:10179:316)
    at flushSyncWork$1 (http://localhost:3000/_next/static/chunks/0xn0_next_dist_compiled_react-dom_0tq~lu8._.js:9230:86)
    at Object.scheduleRefresh (http://localhost:3000/_next/static/chunks/0xn0_next_dist_compiled_react-dom_0tq~lu8._.js:299:13)
    at http://localhost:3000/_next/static/chunks/0xn0_next_dist_compiled_0bc8sc2._.js:391:33
    at Set.forEach (<anonymous>)
    at Object.performReactRefresh (http://localhost:3000/_next/static/chunks/0xn0_next_dist_compiled_0bc8sc2._.js:384:38)
    at applyUpdate (http://localhost:3000/_next/static/chunks/0xn0_next_dist_compiled_0bc8sc2._.js:878:31)
    at http://localhost:3000/_next/static/chunks/0xn0_next_dist_compiled_0bc8sc2._.js:886:13 @ http://localhost:3000/_next/static/chunks/0xn0_next_dist_0-rlh9~._.js:3318
[  143700ms] [ERROR] IntlError: MISSING_MESSAGE: Could not resolve `series.kkom-kkom.name` in messages for locale `ko`.
    at getFallbackFromErrorAndNotify (http://localhost:3000/_next/static/chunks/node_modules__pnpm_073u4m3._.js:1830:23)
    at translateBaseFn (http://localhost:3000/_next/static/chunks/node_modules__pnpm_073u4m3._.js:1860:28)
    at translateFn (http://localhost:3000/_next/static/chunks/node_modules__pnpm_073u4m3._.js:1888:24)
    at SeriesCard (http://localhost:3000/_next/static/chunks/_0gnusxm._.js?id=%255Bproject%255D%252Fcomponents%252Fseries%252Fseries-card.tsx+%255Bapp-client%255D+%2528ecmascript%2529:24:18)
    at Object.react_stack_bottom_frame (http://localhost:3000/_next/static/chunks/0xn0_next_dist_compiled_react-dom_0tq~lu8._.js:15037:24)
    at renderWithHooks (http://localhost:3000/_next/static/chunks/0xn0_next_dist_compiled_react-dom_0tq~lu8._.js:4620:24)
    at updateFunctionComponent (http://localhost:3000/_next/static/chunks/0xn0_next_dist_compiled_react-dom_0tq~lu8._.js:6081:21)
    at beginWork (http://localhost:3000/_next/static/chunks/0xn0_next_dist_compiled_react-dom_0tq~lu8._.js:6691:24)
    at runWithFiberInDEV (http://localhost:3000/_next/static/chunks/0xn0_next_dist_compiled_react-dom_0tq~lu8._.js:965:74)
    at performUnitOfWork (http://localhost:3000/_next/static/chunks/0xn0_next_dist_compiled_react-dom_0tq~lu8._.js:9555:97)
    at workLoopSync (http://localhost:3000/_next/static/chunks/0xn0_next_dist_compiled_react-dom_0tq~lu8._.js:9449:40)
    at renderRootSync (http://localhost:3000/_next/static/chunks/0xn0_next_dist_compiled_react-dom_0tq~lu8._.js:9433:13)
    at performWorkOnRoot (http://localhost:3000/_next/static/chunks/0xn0_next_dist_compiled_react-dom_0tq~lu8._.js:9061:186)
    at performSyncWorkOnRoot (http://localhost:3000/_next/static/chunks/0xn0_next_dist_compiled_react-dom_0tq~lu8._.js:10263:9)
    at flushSyncWorkAcrossRoots_impl (http://localhost:3000/_next/static/chunks/0xn0_next_dist_compiled_react-dom_0tq~lu8._.js:10179:316)
    at flushSyncWork$1 (http://localhost:3000/_next/static/chunks/0xn0_next_dist_compiled_react-dom_0tq~lu8._.js:9230:86)
    at Object.scheduleRefresh (http://localhost:3000/_next/static/chunks/0xn0_next_dist_compiled_react-dom_0tq~lu8._.js:299:13)
    at http://localhost:3000/_next/static/chunks/0xn0_next_dist_compiled_0bc8sc2._.js:391:33
    at Set.forEach (<anonymous>)
    at Object.performReactRefresh (http://localhost:3000/_next/static/chunks/0xn0_next_dist_compiled_0bc8sc2._.js:384:38)
    at applyUpdate (http://localhost:3000/_next/static/chunks/0xn0_next_dist_compiled_0bc8sc2._.js:878:31)
    at http://localhost:3000/_next/static/chunks/0xn0_next_dist_compiled_0bc8sc2._.js:886:13 @ http://localhost:3000/_next/static/chunks/0xn0_next_dist_0-rlh9~._.js:3318
[  143700ms] [ERROR] IntlError: MISSING_MESSAGE: Could not resolve `series.postCount` in messages for locale `ko`.
    at getFallbackFromErrorAndNotify (http://localhost:3000/_next/static/chunks/node_modules__pnpm_073u4m3._.js:1830:23)
    at translateBaseFn (http://localhost:3000/_next/static/chunks/node_modules__pnpm_073u4m3._.js:1860:28)
    at translateFn (http://localhost:3000/_next/static/chunks/node_modules__pnpm_073u4m3._.js:1888:24)
    at SeriesCard (http://localhost:3000/_next/static/chunks/_0gnusxm._.js?id=%255Bproject%255D%252Fcomponents%252Fseries%252Fseries-card.tsx+%255Bapp-client%255D+%2528ecmascript%2529:53:39)
    at Object.react_stack_bottom_frame (http://localhost:3000/_next/static/chunks/0xn0_next_dist_compiled_react-dom_0tq~lu8._.js:15037:24)
    at renderWithHooks (http://localhost:3000/_next/static/chunks/0xn0_next_dist_compiled_react-dom_0tq~lu8._.js:4620:24)
    at updateFunctionComponent (http://localhost:3000/_next/static/chunks/0xn0_next_dist_compiled_react-dom_0tq~lu8._.js:6081:21)
    at beginWork (http://localhost:3000/_next/static/chunks/0xn0_next_dist_compiled_react-dom_0tq~lu8._.js:6691:24)
    at runWithFiberInDEV (http://localhost:3000/_next/static/chunks/0xn0_next_dist_compiled_react-dom_0tq~lu8._.js:965:74)
    at performUnitOfWork (http://localhost:3000/_next/static/chunks/0xn0_next_dist_compiled_react-dom_0tq~lu8._.js:9555:97)
    at workLoopSync (http://localhost:3000/_next/static/chunks/0xn0_next_dist_compiled_react-dom_0tq~lu8._.js:9449:40)
    at renderRootSync (http://localhost:3000/_next/static/chunks/0xn0_next_dist_compiled_react-dom_0tq~lu8._.js:9433:13)
    at performWorkOnRoot (http://localhost:3000/_next/static/chunks/0xn0_next_dist_compiled_react-dom_0tq~lu8._.js:9061:186)
    at performSyncWorkOnRoot (http://localhost:3000/_next/static/chunks/0xn0_next_dist_compiled_react-dom_0tq~lu8._.js:10263:9)
    at flushSyncWorkAcrossRoots_impl (http://localhost:3000/_next/static/chunks/0xn0_next_dist_compiled_react-dom_0tq~lu8._.js:10179:316)
    at flushSyncWork$1 (http://localhost:3000/_next/static/chunks/0xn0_next_dist_compiled_react-dom_0tq~lu8._.js:9230:86)
    at Object.scheduleRefresh (http://localhost:3000/_next/static/chunks/0xn0_next_dist_compiled_react-dom_0tq~lu8._.js:299:13)
    at http://localhost:3000/_next/static/chunks/0xn0_next_dist_compiled_0bc8sc2._.js:391:33
    at Set.forEach (<anonymous>)
    at Object.performReactRefresh (http://localhost:3000/_next/static/chunks/0xn0_next_dist_compiled_0bc8sc2._.js:384:38)
    at applyUpdate (http://localhost:3000/_next/static/chunks/0xn0_next_dist_compiled_0bc8sc2._.js:878:31)
    at http://localhost:3000/_next/static/chunks/0xn0_next_dist_compiled_0bc8sc2._.js:886:13 @ http://localhost:3000/_next/static/chunks/0xn0_next_dist_0-rlh9~._.js:3318
[  143700ms] [ERROR] IntlError: MISSING_MESSAGE: Could not resolve `series.kkom-kkom.description` in messages for locale `ko`.
    at getFallbackFromErrorAndNotify (http://localhost:3000/_next/static/chunks/node_modules__pnpm_073u4m3._.js:1830:23)
    at translateBaseFn (http://localhost:3000/_next/static/chunks/node_modules__pnpm_073u4m3._.js:1860:28)
    at translateFn (http://localhost:3000/_next/static/chunks/node_modules__pnpm_073u4m3._.js:1888:24)
    at SeriesCard (http://localhost:3000/_next/static/chunks/_0gnusxm._.js?id=%255Bproject%255D%252Fcomponents%252Fseries%252Fseries-card.tsx+%255Bapp-client%255D+%2528ecmascript%2529:77:31)
    at Object.react_stack_bottom_frame (http://localhost:3000/_next/static/chunks/0xn0_next_dist_compiled_react-dom_0tq~lu8._.js:15037:24)
    at renderWithHooks (http://localhost:3000/_next/static/chunks/0xn0_next_dist_compiled_react-dom_0tq~lu8._.js:4620:24)
    at updateFunctionComponent (http://localhost:3000/_next/static/chunks/0xn0_next_dist_compiled_react-dom_0tq~lu8._.js:6081:21)
    at beginWork (http://localhost:3000/_next/static/chunks/0xn0_next_dist_compiled_react-dom_0tq~lu8._.js:6691:24)
    at runWithFiberInDEV (http://localhost:3000/_next/static/chunks/0xn0_next_dist_compiled_react-dom_0tq~lu8._.js:965:74)
    at performUnitOfWork (http://localhost:3000/_next/static/chunks/0xn0_next_dist_compiled_react-dom_0tq~lu8._.js:9555:97)
    at workLoopSync (http://localhost:3000/_next/static/chunks/0xn0_next_dist_compiled_react-dom_0tq~lu8._.js:9449:40)
    at renderRootSync (http://localhost:3000/_next/static/chunks/0xn0_next_dist_compiled_react-dom_0tq~lu8._.js:9433:13)
    at performWorkOnRoot (http://localhost:3000/_next/static/chunks/0xn0_next_dist_compiled_react-dom_0tq~lu8._.js:9061:186)
    at performSyncWorkOnRoot (http://localhost:3000/_next/static/chunks/0xn0_next_dist_compiled_react-dom_0tq~lu8._.js:10263:9)
    at flushSyncWorkAcrossRoots_impl (http://localhost:3000/_next/static/chunks/0xn0_next_dist_compiled_react-dom_0tq~lu8._.js:10179:316)
    at flushSyncWork$1 (http://localhost:3000/_next/static/chunks/0xn0_next_dist_compiled_react-dom_0tq~lu8._.js:9230:86)
    at Object.scheduleRefresh (http://localhost:3000/_next/static/chunks/0xn0_next_dist_compiled_react-dom_0tq~lu8._.js:299:13)
    at http://localhost:3000/_next/static/chunks/0xn0_next_dist_compiled_0bc8sc2._.js:391:33
    at Set.forEach (<anonymous>)
    at Object.performReactRefresh (http://localhost:3000/_next/static/chunks/0xn0_next_dist_compiled_0bc8sc2._.js:384:38)
    at applyUpdate (http://localhost:3000/_next/static/chunks/0xn0_next_dist_compiled_0bc8sc2._.js:878:31)
    at http://localhost:3000/_next/static/chunks/0xn0_next_dist_compiled_0bc8sc2._.js:886:13 @ http://localhost:3000/_next/static/chunks/0xn0_next_dist_0-rlh9~._.js:3318
[  143700ms] [ERROR] IntlError: MISSING_MESSAGE: Could not resolve `series.kkom-kkom.name` in messages for locale `ko`.
    at getFallbackFromErrorAndNotify (http://localhost:3000/_next/static/chunks/node_modules__pnpm_073u4m3._.js:1830:23)
    at translateBaseFn (http://localhost:3000/_next/static/chunks/node_modules__pnpm_073u4m3._.js:1860:28)
    at translateFn (http://localhost:3000/_next/static/chunks/node_modules__pnpm_073u4m3._.js:1888:24)
    at SeriesCard (http://localhost:3000/_next/static/chunks/_0gnusxm._.js?id=%255Bproject%255D%252Fcomponents%252Fseries%252Fseries-card.tsx+%255Bapp-client%255D+%2528ecmascript%2529:24:18)
    at Object.react_stack_bottom_frame (http://localhost:3000/_next/static/chunks/0xn0_next_dist_compiled_react-dom_0tq~lu8._.js:15037:24)
    at renderWithHooksAgain (http://localhost:3000/_next/static/chunks/0xn0_next_dist_compiled_react-dom_0tq~lu8._.js:4675:24)
    at renderWithHooks (http://localhost:3000/_next/static/chunks/0xn0_next_dist_compiled_react-dom_0tq~lu8._.js:4626:28)
    at updateFunctionComponent (http://localhost:3000/_next/static/chunks/0xn0_next_dist_compiled_react-dom_0tq~lu8._.js:6081:21)
    at beginWork (http://localhost:3000/_next/static/chunks/0xn0_next_dist_compiled_react-dom_0tq~lu8._.js:6691:24)
    at runWithFiberInDEV (http://localhost:3000/_next/static/chunks/0xn0_next_dist_compiled_react-dom_0tq~lu8._.js:965:74)
    at performUnitOfWork (http://localhost:3000/_next/static/chunks/0xn0_next_dist_compiled_react-dom_0tq~lu8._.js:9555:97)
    at workLoopSync (http://localhost:3000/_next/static/chunks/0xn0_next_dist_compiled_react-dom_0tq~lu8._.js:9449:40)
    at renderRootSync (http://localhost:3000/_next/static/chunks/0xn0_next_dist_compiled_react-dom_0tq~lu8._.js:9433:13)
    at performWorkOnRoot (http://localhost:3000/_next/static/chunks/0xn0_next_dist_compiled_react-dom_0tq~lu8._.js:9061:186)
    at performSyncWorkOnRoot (http://localhost:3000/_next/static/chunks/0xn0_next_dist_compiled_react-dom_0tq~lu8._.js:10263:9)
    at flushSyncWorkAcrossRoots_impl (http://localhost:3000/_next/static/chunks/0xn0_next_dist_compiled_react-dom_0tq~lu8._.js:10179:316)
    at flushSyncWork$1 (http://localhost:3000/_next/static/chunks/0xn0_next_dist_compiled_react-dom_0tq~lu8._.js:9230:86)
    at Object.scheduleRefresh (http://localhost:3000/_next/static/chunks/0xn0_next_dist_compiled_react-dom_0tq~lu8._.js:299:13)
    at http://localhost:3000/_next/static/chunks/0xn0_next_dist_compiled_0bc8sc2._.js:391:33
    at Set.forEach (<anonymous>)
    at Object.performReactRefresh (http://localhost:3000/_next/static/chunks/0xn0_next_dist_compiled_0bc8sc2._.js:384:38)
    at applyUpdate (http://localhost:3000/_next/static/chunks/0xn0_next_dist_compiled_0bc8sc2._.js:878:31)
    at http://localhost:3000/_next/static/chunks/0xn0_next_dist_compiled_0bc8sc2._.js:886:13 @ http://localhost:3000/_next/static/chunks/0xn0_next_dist_0-rlh9~._.js:3318
[  143700ms] [ERROR] IntlError: MISSING_MESSAGE: Could not resolve `series.postCount` in messages for locale `ko`.
    at getFallbackFromErrorAndNotify (http://localhost:3000/_next/static/chunks/node_modules__pnpm_073u4m3._.js:1830:23)
    at translateBaseFn (http://localhost:3000/_next/static/chunks/node_modules__pnpm_073u4m3._.js:1860:28)
    at translateFn (http://localhost:3000/_next/static/chunks/node_modules__pnpm_073u4m3._.js:1888:24)
    at SeriesCard (http://localhost:3000/_next/static/chunks/_0gnusxm._.js?id=%255Bproject%255D%252Fcomponents%252Fseries%252Fseries-card.tsx+%255Bapp-client%255D+%2528ecmascript%2529:53:39)
    at Object.react_stack_bottom_frame (http://localhost:3000/_next/static/chunks/0xn0_next_dist_compiled_react-dom_0tq~lu8._.js:15037:24)
    at renderWithHooksAgain (http://localhost:3000/_next/static/chunks/0xn0_next_dist_compiled_react-dom_0tq~lu8._.js:4675:24)
    at renderWithHooks (http://localhost:3000/_next/static/chunks/0xn0_next_dist_compiled_react-dom_0tq~lu8._.js:4626:28)
    at updateFunctionComponent (http://localhost:3000/_next/static/chunks/0xn0_next_dist_compiled_react-dom_0tq~lu8._.js:6081:21)
    at beginWork (http://localhost:3000/_next/static/chunks/0xn0_next_dist_compiled_react-dom_0tq~lu8._.js:6691:24)
    at runWithFiberInDEV (http://localhost:3000/_next/static/chunks/0xn0_next_dist_compiled_react-dom_0tq~lu8._.js:965:74)
    at performUnitOfWork (http://localhost:3000/_next/static/chunks/0xn0_next_dist_compiled_react-dom_0tq~lu8._.js:9555:97)
    at workLoopSync (http://localhost:3000/_next/static/chunks/0xn0_next_dist_compiled_react-dom_0tq~lu8._.js:9449:40)
    at renderRootSync (http://localhost:3000/_next/static/chunks/0xn0_next_dist_compiled_react-dom_0tq~lu8._.js:9433:13)
    at performWorkOnRoot (http://localhost:3000/_next/static/chunks/0xn0_next_dist_compiled_react-dom_0tq~lu8._.js:9061:186)
    at performSyncWorkOnRoot (http://localhost:3000/_next/static/chunks/0xn0_next_dist_compiled_react-dom_0tq~lu8._.js:10263:9)
    at flushSyncWorkAcrossRoots_impl (http://localhost:3000/_next/static/chunks/0xn0_next_dist_compiled_react-dom_0tq~lu8._.js:10179:316)
    at flushSyncWork$1 (http://localhost:3000/_next/static/chunks/0xn0_next_dist_compiled_react-dom_0tq~lu8._.js:9230:86)
    at Object.scheduleRefresh (http://localhost:3000/_next/static/chunks/0xn0_next_dist_compiled_react-dom_0tq~lu8._.js:299:13)
    at http://localhost:3000/_next/static/chunks/0xn0_next_dist_compiled_0bc8sc2._.js:391:33
    at Set.forEach (<anonymous>)
    at Object.performReactRefresh (http://localhost:3000/_next/static/chunks/0xn0_next_dist_compiled_0bc8sc2._.js:384:38)
    at applyUpdate (http://localhost:3000/_next/static/chunks/0xn0_next_dist_compiled_0bc8sc2._.js:878:31)
    at http://localhost:3000/_next/static/chunks/0xn0_next_dist_compiled_0bc8sc2._.js:886:13 @ http://localhost:3000/_next/static/chunks/0xn0_next_dist_0-rlh9~._.js:3318
[  143701ms] [ERROR] IntlError: MISSING_MESSAGE: Could not resolve `series.kkom-kkom.description` in messages for locale `ko`.
    at getFallbackFromErrorAndNotify (http://localhost:3000/_next/static/chunks/node_modules__pnpm_073u4m3._.js:1830:23)
    at translateBaseFn (http://localhost:3000/_next/static/chunks/node_modules__pnpm_073u4m3._.js:1860:28)
    at translateFn (http://localhost:3000/_next/static/chunks/node_modules__pnpm_073u4m3._.js:1888:24)
    at SeriesCard (http://localhost:3000/_next/static/chunks/_0gnusxm._.js?id=%255Bproject%255D%252Fcomponents%252Fseries%252Fseries-card.tsx+%255Bapp-client%255D+%2528ecmascript%2529:77:31)
    at Object.react_stack_bottom_frame (http://localhost:3000/_next/static/chunks/0xn0_next_dist_compiled_react-dom_0tq~lu8._.js:15037:24)
    at renderWithHooksAgain (http://localhost:3000/_next/static/chunks/0xn0_next_dist_compiled_react-dom_0tq~lu8._.js:4675:24)
    at renderWithHooks (http://localhost:3000/_next/static/chunks/0xn0_next_dist_compiled_react-dom_0tq~lu8._.js:4626:28)
    at updateFunctionComponent (http://localhost:3000/_next/static/chunks/0xn0_next_dist_compiled_react-dom_0tq~lu8._.js:6081:21)
    at beginWork (http://localhost:3000/_next/static/chunks/0xn0_next_dist_compiled_react-dom_0tq~lu8._.js:6691:24)
    at runWithFiberInDEV (http://localhost:3000/_next/static/chunks/0xn0_next_dist_compiled_react-dom_0tq~lu8._.js:965:74)
    at performUnitOfWork (http://localhost:3000/_next/static/chunks/0xn0_next_dist_compiled_react-dom_0tq~lu8._.js:9555:97)
    at workLoopSync (http://localhost:3000/_next/static/chunks/0xn0_next_dist_compiled_react-dom_0tq~lu8._.js:9449:40)
    at renderRootSync (http://localhost:3000/_next/static/chunks/0xn0_next_dist_compiled_react-dom_0tq~lu8._.js:9433:13)
    at performWorkOnRoot (http://localhost:3000/_next/static/chunks/0xn0_next_dist_compiled_react-dom_0tq~lu8._.js:9061:186)
    at performSyncWorkOnRoot (http://localhost:3000/_next/static/chunks/0xn0_next_dist_compiled_react-dom_0tq~lu8._.js:10263:9)
    at flushSyncWorkAcrossRoots_impl (http://localhost:3000/_next/static/chunks/0xn0_next_dist_compiled_react-dom_0tq~lu8._.js:10179:316)
    at flushSyncWork$1 (http://localhost:3000/_next/static/chunks/0xn0_next_dist_compiled_react-dom_0tq~lu8._.js:9230:86)
    at Object.scheduleRefresh (http://localhost:3000/_next/static/chunks/0xn0_next_dist_compiled_react-dom_0tq~lu8._.js:299:13)
    at http://localhost:3000/_next/static/chunks/0xn0_next_dist_compiled_0bc8sc2._.js:391:33
    at Set.forEach (<anonymous>)
    at Object.performReactRefresh (http://localhost:3000/_next/static/chunks/0xn0_next_dist_compiled_0bc8sc2._.js:384:38)
    at applyUpdate (http://localhost:3000/_next/static/chunks/0xn0_next_dist_compiled_0bc8sc2._.js:878:31)
    at http://localhost:3000/_next/static/chunks/0xn0_next_dist_compiled_0bc8sc2._.js:886:13 @ http://localhost:3000/_next/static/chunks/0xn0_next_dist_0-rlh9~._.js:3318
[  143702ms] [ERROR] IntlError: MISSING_MESSAGE: Could not resolve `series.gheuppay.name` in messages for locale `ko`.
    at getFallbackFromErrorAndNotify (http://localhost:3000/_next/static/chunks/node_modules__pnpm_073u4m3._.js:1830:23)
    at translateBaseFn (http://localhost:3000/_next/static/chunks/node_modules__pnpm_073u4m3._.js:1860:28)
    at translateFn (http://localhost:3000/_next/static/chunks/node_modules__pnpm_073u4m3._.js:1888:24)
    at SeriesCard (http://localhost:3000/_next/static/chunks/_0gnusxm._.js?id=%255Bproject%255D%252Fcomponents%252Fseries%252Fseries-card.tsx+%255Bapp-client%255D+%2528ecmascript%2529:24:18)
    at Object.react_stack_bottom_frame (http://localhost:3000/_next/static/chunks/0xn0_next_dist_compiled_react-dom_0tq~lu8._.js:15037:24)
    at renderWithHooks (http://localhost:3000/_next/static/chunks/0xn0_next_dist_compiled_react-dom_0tq~lu8._.js:4620:24)
    at updateFunctionComponent (http://localhost:3000/_next/static/chunks/0xn0_next_dist_compiled_react-dom_0tq~lu8._.js:6081:21)
    at beginWork (http://localhost:3000/_next/static/chunks/0xn0_next_dist_compiled_react-dom_0tq~lu8._.js:6691:24)
    at runWithFiberInDEV (http://localhost:3000/_next/static/chunks/0xn0_next_dist_compiled_react-dom_0tq~lu8._.js:965:74)
    at performUnitOfWork (http://localhost:3000/_next/static/chunks/0xn0_next_dist_compiled_react-dom_0tq~lu8._.js:9555:97)
    at workLoopSync (http://localhost:3000/_next/static/chunks/0xn0_next_dist_compiled_react-dom_0tq~lu8._.js:9449:40)
    at renderRootSync (http://localhost:3000/_next/static/chunks/0xn0_next_dist_compiled_react-dom_0tq~lu8._.js:9433:13)
    at performWorkOnRoot (http://localhost:3000/_next/static/chunks/0xn0_next_dist_compiled_react-dom_0tq~lu8._.js:9061:186)
    at performSyncWorkOnRoot (http://localhost:3000/_next/static/chunks/0xn0_next_dist_compiled_react-dom_0tq~lu8._.js:10263:9)
    at flushSyncWorkAcrossRoots_impl (http://localhost:3000/_next/static/chunks/0xn0_next_dist_compiled_react-dom_0tq~lu8._.js:10179:316)
    at flushSyncWork$1 (http://localhost:3000/_next/static/chunks/0xn0_next_dist_compiled_react-dom_0tq~lu8._.js:9230:86)
    at Object.scheduleRefresh (http://localhost:3000/_next/static/chunks/0xn0_next_dist_compiled_react-dom_0tq~lu8._.js:299:13)
    at http://localhost:3000/_next/static/chunks/0xn0_next_dist_compiled_0bc8sc2._.js:391:33
    at Set.forEach (<anonymous>)
    at Object.performReactRefresh (http://localhost:3000/_next/static/chunks/0xn0_next_dist_compiled_0bc8sc2._.js:384:38)
    at applyUpdate (http://localhost:3000/_next/static/chunks/0xn0_next_dist_compiled_0bc8sc2._.js:878:31)
    at http://localhost:3000/_next/static/chunks/0xn0_next_dist_compiled_0bc8sc2._.js:886:13 @ http://localhost:3000/_next/static/chunks/0xn0_next_dist_0-rlh9~._.js:3318
[  143702ms] [ERROR] IntlError: MISSING_MESSAGE: Could not resolve `series.postCount` in messages for locale `ko`.
    at getFallbackFromErrorAndNotify (http://localhost:3000/_next/static/chunks/node_modules__pnpm_073u4m3._.js:1830:23)
    at translateBaseFn (http://localhost:3000/_next/static/chunks/node_modules__pnpm_073u4m3._.js:1860:28)
    at translateFn (http://localhost:3000/_next/static/chunks/node_modules__pnpm_073u4m3._.js:1888:24)
    at SeriesCard (http://localhost:3000/_next/static/chunks/_0gnusxm._.js?id=%255Bproject%255D%252Fcomponents%252Fseries%252Fseries-card.tsx+%255Bapp-client%255D+%2528ecmascript%2529:53:39)
    at Object.react_stack_bottom_frame (http://localhost:3000/_next/static/chunks/0xn0_next_dist_compiled_react-dom_0tq~lu8._.js:15037:24)
    at renderWithHooks (http://localhost:3000/_next/static/chunks/0xn0_next_dist_compiled_react-dom_0tq~lu8._.js:4620:24)
    at updateFunctionComponent (http://localhost:3000/_next/static/chunks/0xn0_next_dist_compiled_react-dom_0tq~lu8._.js:6081:21)
    at beginWork (http://localhost:3000/_next/static/chunks/0xn0_next_dist_compiled_react-dom_0tq~lu8._.js:6691:24)
    at runWithFiberInDEV (http://localhost:3000/_next/static/chunks/0xn0_next_dist_compiled_react-dom_0tq~lu8._.js:965:74)
    at performUnitOfWork (http://localhost:3000/_next/static/chunks/0xn0_next_dist_compiled_react-dom_0tq~lu8._.js:9555:97)
    at workLoopSync (http://localhost:3000/_next/static/chunks/0xn0_next_dist_compiled_react-dom_0tq~lu8._.js:9449:40)
    at renderRootSync (http://localhost:3000/_next/static/chunks/0xn0_next_dist_compiled_react-dom_0tq~lu8._.js:9433:13)
    at performWorkOnRoot (http://localhost:3000/_next/static/chunks/0xn0_next_dist_compiled_react-dom_0tq~lu8._.js:9061:186)
    at performSyncWorkOnRoot (http://localhost:3000/_next/static/chunks/0xn0_next_dist_compiled_react-dom_0tq~lu8._.js:10263:9)
    at flushSyncWorkAcrossRoots_impl (http://localhost:3000/_next/static/chunks/0xn0_next_dist_compiled_react-dom_0tq~lu8._.js:10179:316)
    at flushSyncWork$1 (http://localhost:3000/_next/static/chunks/0xn0_next_dist_compiled_react-dom_0tq~lu8._.js:9230:86)
    at Object.scheduleRefresh (http://localhost:3000/_next/static/chunks/0xn0_next_dist_compiled_react-dom_0tq~lu8._.js:299:13)
    at http://localhost:3000/_next/static/chunks/0xn0_next_dist_compiled_0bc8sc2._.js:391:33
    at Set.forEach (<anonymous>)
    at Object.performReactRefresh (http://localhost:3000/_next/static/chunks/0xn0_next_dist_compiled_0bc8sc2._.js:384:38)
    at applyUpdate (http://localhost:3000/_next/static/chunks/0xn0_next_dist_compiled_0bc8sc2._.js:878:31)
    at http://localhost:3000/_next/static/chunks/0xn0_next_dist_compiled_0bc8sc2._.js:886:13 @ http://localhost:3000/_next/static/chunks/0xn0_next_dist_0-rlh9~._.js:3318
[  143702ms] [ERROR] IntlError: MISSING_MESSAGE: Could not resolve `series.gheuppay.description` in messages for locale `ko`.
    at getFallbackFromErrorAndNotify (http://localhost:3000/_next/static/chunks/node_modules__pnpm_073u4m3._.js:1830:23)
    at translateBaseFn (http://localhost:3000/_next/static/chunks/node_modules__pnpm_073u4m3._.js:1860:28)
    at translateFn (http://localhost:3000/_next/static/chunks/node_modules__pnpm_073u4m3._.js:1888:24)
    at SeriesCard (http://localhost:3000/_next/static/chunks/_0gnusxm._.js?id=%255Bproject%255D%252Fcomponents%252Fseries%252Fseries-card.tsx+%255Bapp-client%255D+%2528ecmascript%2529:77:31)
    at Object.react_stack_bottom_frame (http://localhost:3000/_next/static/chunks/0xn0_next_dist_compiled_react-dom_0tq~lu8._.js:15037:24)
    at renderWithHooks (http://localhost:3000/_next/static/chunks/0xn0_next_dist_compiled_react-dom_0tq~lu8._.js:4620:24)
    at updateFunctionComponent (http://localhost:3000/_next/static/chunks/0xn0_next_dist_compiled_react-dom_0tq~lu8._.js:6081:21)
    at beginWork (http://localhost:3000/_next/static/chunks/0xn0_next_dist_compiled_react-dom_0tq~lu8._.js:6691:24)
    at runWithFiberInDEV (http://localhost:3000/_next/static/chunks/0xn0_next_dist_compiled_react-dom_0tq~lu8._.js:965:74)
    at performUnitOfWork (http://localhost:3000/_next/static/chunks/0xn0_next_dist_compiled_react-dom_0tq~lu8._.js:9555:97)
    at workLoopSync (http://localhost:3000/_next/static/chunks/0xn0_next_dist_compiled_react-dom_0tq~lu8._.js:9449:40)
    at renderRootSync (http://localhost:3000/_next/static/chunks/0xn0_next_dist_compiled_react-dom_0tq~lu8._.js:9433:13)
    at performWorkOnRoot (http://localhost:3000/_next/static/chunks/0xn0_next_dist_compiled_react-dom_0tq~lu8._.js:9061:186)
    at performSyncWorkOnRoot (http://localhost:3000/_next/static/chunks/0xn0_next_dist_compiled_react-dom_0tq~lu8._.js:10263:9)
    at flushSyncWorkAcrossRoots_impl (http://localhost:3000/_next/static/chunks/0xn0_next_dist_compiled_react-dom_0tq~lu8._.js:10179:316)
    at flushSyncWork$1 (http://localhost:3000/_next/static/chunks/0xn0_next_dist_compiled_react-dom_0tq~lu8._.js:9230:86)
    at Object.scheduleRefresh (http://localhost:3000/_next/static/chunks/0xn0_next_dist_compiled_react-dom_0tq~lu8._.js:299:13)
    at http://localhost:3000/_next/static/chunks/0xn0_next_dist_compiled_0bc8sc2._.js:391:33
    at Set.forEach (<anonymous>)
    at Object.performReactRefresh (http://localhost:3000/_next/static/chunks/0xn0_next_dist_compiled_0bc8sc2._.js:384:38)
    at applyUpdate (http://localhost:3000/_next/static/chunks/0xn0_next_dist_compiled_0bc8sc2._.js:878:31)
    at http://localhost:3000/_next/static/chunks/0xn0_next_dist_compiled_0bc8sc2._.js:886:13 @ http://localhost:3000/_next/static/chunks/0xn0_next_dist_0-rlh9~._.js:3318
[  143702ms] [ERROR] IntlError: MISSING_MESSAGE: Could not resolve `series.gheuppay.name` in messages for locale `ko`.
    at getFallbackFromErrorAndNotify (http://localhost:3000/_next/static/chunks/node_modules__pnpm_073u4m3._.js:1830:23)
    at translateBaseFn (http://localhost:3000/_next/static/chunks/node_modules__pnpm_073u4m3._.js:1860:28)
    at translateFn (http://localhost:3000/_next/static/chunks/node_modules__pnpm_073u4m3._.js:1888:24)
    at SeriesCard (http://localhost:3000/_next/static/chunks/_0gnusxm._.js?id=%255Bproject%255D%252Fcomponents%252Fseries%252Fseries-card.tsx+%255Bapp-client%255D+%2528ecmascript%2529:24:18)
    at Object.react_stack_bottom_frame (http://localhost:3000/_next/static/chunks/0xn0_next_dist_compiled_react-dom_0tq~lu8._.js:15037:24)
    at renderWithHooksAgain (http://localhost:3000/_next/static/chunks/0xn0_next_dist_compiled_react-dom_0tq~lu8._.js:4675:24)
    at renderWithHooks (http://localhost:3000/_next/static/chunks/0xn0_next_dist_compiled_react-dom_0tq~lu8._.js:4626:28)
    at updateFunctionComponent (http://localhost:3000/_next/static/chunks/0xn0_next_dist_compiled_react-dom_0tq~lu8._.js:6081:21)
    at beginWork (http://localhost:3000/_next/static/chunks/0xn0_next_dist_compiled_react-dom_0tq~lu8._.js:6691:24)
    at runWithFiberInDEV (http://localhost:3000/_next/static/chunks/0xn0_next_dist_compiled_react-dom_0tq~lu8._.js:965:74)
    at performUnitOfWork (http://localhost:3000/_next/static/chunks/0xn0_next_dist_compiled_react-dom_0tq~lu8._.js:9555:97)
    at workLoopSync (http://localhost:3000/_next/static/chunks/0xn0_next_dist_compiled_react-dom_0tq~lu8._.js:9449:40)
    at renderRootSync (http://localhost:3000/_next/static/chunks/0xn0_next_dist_compiled_react-dom_0tq~lu8._.js:9433:13)
    at performWorkOnRoot (http://localhost:3000/_next/static/chunks/0xn0_next_dist_compiled_react-dom_0tq~lu8._.js:9061:186)
    at performSyncWorkOnRoot (http://localhost:3000/_next/static/chunks/0xn0_next_dist_compiled_react-dom_0tq~lu8._.js:10263:9)
    at flushSyncWorkAcrossRoots_impl (http://localhost:3000/_next/static/chunks/0xn0_next_dist_compiled_react-dom_0tq~lu8._.js:10179:316)
    at flushSyncWork$1 (http://localhost:3000/_next/static/chunks/0xn0_next_dist_compiled_react-dom_0tq~lu8._.js:9230:86)
    at Object.scheduleRefresh (http://localhost:3000/_next/static/chunks/0xn0_next_dist_compiled_react-dom_0tq~lu8._.js:299:13)
    at http://localhost:3000/_next/static/chunks/0xn0_next_dist_compiled_0bc8sc2._.js:391:33
    at Set.forEach (<anonymous>)
    at Object.performReactRefresh (http://localhost:3000/_next/static/chunks/0xn0_next_dist_compiled_0bc8sc2._.js:384:38)
    at applyUpdate (http://localhost:3000/_next/static/chunks/0xn0_next_dist_compiled_0bc8sc2._.js:878:31)
    at http://localhost:3000/_next/static/chunks/0xn0_next_dist_compiled_0bc8sc2._.js:886:13 @ http://localhost:3000/_next/static/chunks/0xn0_next_dist_0-rlh9~._.js:3318
[  143702ms] [ERROR] IntlError: MISSING_MESSAGE: Could not resolve `series.postCount` in messages for locale `ko`.
    at getFallbackFromErrorAndNotify (http://localhost:3000/_next/static/chunks/node_modules__pnpm_073u4m3._.js:1830:23)
    at translateBaseFn (http://localhost:3000/_next/static/chunks/node_modules__pnpm_073u4m3._.js:1860:28)
    at translateFn (http://localhost:3000/_next/static/chunks/node_modules__pnpm_073u4m3._.js:1888:24)
    at SeriesCard (http://localhost:3000/_next/static/chunks/_0gnusxm._.js?id=%255Bproject%255D%252Fcomponents%252Fseries%252Fseries-card.tsx+%255Bapp-client%255D+%2528ecmascript%2529:53:39)
    at Object.react_stack_bottom_frame (http://localhost:3000/_next/static/chunks/0xn0_next_dist_compiled_react-dom_0tq~lu8._.js:15037:24)
    at renderWithHooksAgain (http://localhost:3000/_next/static/chunks/0xn0_next_dist_compiled_react-dom_0tq~lu8._.js:4675:24)
    at renderWithHooks (http://localhost:3000/_next/static/chunks/0xn0_next_dist_compiled_react-dom_0tq~lu8._.js:4626:28)
    at updateFunctionComponent (http://localhost:3000/_next/static/chunks/0xn0_next_dist_compiled_react-dom_0tq~lu8._.js:6081:21)
    at beginWork (http://localhost:3000/_next/static/chunks/0xn0_next_dist_compiled_react-dom_0tq~lu8._.js:6691:24)
    at runWithFiberInDEV (http://localhost:3000/_next/static/chunks/0xn0_next_dist_compiled_react-dom_0tq~lu8._.js:965:74)
    at performUnitOfWork (http://localhost:3000/_next/static/chunks/0xn0_next_dist_compiled_react-dom_0tq~lu8._.js:9555:97)
    at workLoopSync (http://localhost:3000/_next/static/chunks/0xn0_next_dist_compiled_react-dom_0tq~lu8._.js:9449:40)
    at renderRootSync (http://localhost:3000/_next/static/chunks/0xn0_next_dist_compiled_react-dom_0tq~lu8._.js:9433:13)
    at performWorkOnRoot (http://localhost:3000/_next/static/chunks/0xn0_next_dist_compiled_react-dom_0tq~lu8._.js:9061:186)
    at performSyncWorkOnRoot (http://localhost:3000/_next/static/chunks/0xn0_next_dist_compiled_react-dom_0tq~lu8._.js:10263:9)
    at flushSyncWorkAcrossRoots_impl (http://localhost:3000/_next/static/chunks/0xn0_next_dist_compiled_react-dom_0tq~lu8._.js:10179:316)
    at flushSyncWork$1 (http://localhost:3000/_next/static/chunks/0xn0_next_dist_compiled_react-dom_0tq~lu8._.js:9230:86)
    at Object.scheduleRefresh (http://localhost:3000/_next/static/chunks/0xn0_next_dist_compiled_react-dom_0tq~lu8._.js:299:13)
    at http://localhost:3000/_next/static/chunks/0xn0_next_dist_compiled_0bc8sc2._.js:391:33
    at Set.forEach (<anonymous>)
    at Object.performReactRefresh (http://localhost:3000/_next/static/chunks/0xn0_next_dist_compiled_0bc8sc2._.js:384:38)
    at applyUpdate (http://localhost:3000/_next/static/chunks/0xn0_next_dist_compiled_0bc8sc2._.js:878:31)
    at http://localhost:3000/_next/static/chunks/0xn0_next_dist_compiled_0bc8sc2._.js:886:13 @ http://localhost:3000/_next/static/chunks/0xn0_next_dist_0-rlh9~._.js:3318
[  143703ms] [ERROR] IntlError: MISSING_MESSAGE: Could not resolve `series.gheuppay.description` in messages for locale `ko`.
    at getFallbackFromErrorAndNotify (http://localhost:3000/_next/static/chunks/node_modules__pnpm_073u4m3._.js:1830:23)
    at translateBaseFn (http://localhost:3000/_next/static/chunks/node_modules__pnpm_073u4m3._.js:1860:28)
    at translateFn (http://localhost:3000/_next/static/chunks/node_modules__pnpm_073u4m3._.js:1888:24)
    at SeriesCard (http://localhost:3000/_next/static/chunks/_0gnusxm._.js?id=%255Bproject%255D%252Fcomponents%252Fseries%252Fseries-card.tsx+%255Bapp-client%255D+%2528ecmascript%2529:77:31)
    at Object.react_stack_bottom_frame (http://localhost:3000/_next/static/chunks/0xn0_next_dist_compiled_react-dom_0tq~lu8._.js:15037:24)
    at renderWithHooksAgain (http://localhost:3000/_next/static/chunks/0xn0_next_dist_compiled_react-dom_0tq~lu8._.js:4675:24)
    at renderWithHooks (http://localhost:3000/_next/static/chunks/0xn0_next_dist_compiled_react-dom_0tq~lu8._.js:4626:28)
    at updateFunctionComponent (http://localhost:3000/_next/static/chunks/0xn0_next_dist_compiled_react-dom_0tq~lu8._.js:6081:21)
    at beginWork (http://localhost:3000/_next/static/chunks/0xn0_next_dist_compiled_react-dom_0tq~lu8._.js:6691:24)
    at runWithFiberInDEV (http://localhost:3000/_next/static/chunks/0xn0_next_dist_compiled_react-dom_0tq~lu8._.js:965:74)
    at performUnitOfWork (http://localhost:3000/_next/static/chunks/0xn0_next_dist_compiled_react-dom_0tq~lu8._.js:9555:97)
    at workLoopSync (http://localhost:3000/_next/static/chunks/0xn0_next_dist_compiled_react-dom_0tq~lu8._.js:9449:40)
    at renderRootSync (http://localhost:3000/_next/static/chunks/0xn0_next_dist_compiled_react-dom_0tq~lu8._.js:9433:13)
    at performWorkOnRoot (http://localhost:3000/_next/static/chunks/0xn0_next_dist_compiled_react-dom_0tq~lu8._.js:9061:186)
    at performSyncWorkOnRoot (http://localhost:3000/_next/static/chunks/0xn0_next_dist_compiled_react-dom_0tq~lu8._.js:10263:9)
    at flushSyncWorkAcrossRoots_impl (http://localhost:3000/_next/static/chunks/0xn0_next_dist_compiled_react-dom_0tq~lu8._.js:10179:316)
    at flushSyncWork$1 (http://localhost:3000/_next/static/chunks/0xn0_next_dist_compiled_react-dom_0tq~lu8._.js:9230:86)
    at Object.scheduleRefresh (http://localhost:3000/_next/static/chunks/0xn0_next_dist_compiled_react-dom_0tq~lu8._.js:299:13)
    at http://localhost:3000/_next/static/chunks/0xn0_next_dist_compiled_0bc8sc2._.js:391:33
    at Set.forEach (<anonymous>)
    at Object.performReactRefresh (http://localhost:3000/_next/static/chunks/0xn0_next_dist_compiled_0bc8sc2._.js:384:38)
    at applyUpdate (http://localhost:3000/_next/static/chunks/0xn0_next_dist_compiled_0bc8sc2._.js:878:31)
    at http://localhost:3000/_next/static/chunks/0xn0_next_dist_compiled_0bc8sc2._.js:886:13 @ http://localhost:3000/_next/static/chunks/0xn0_next_dist_0-rlh9~._.js:3318
[  143703ms] [ERROR] IntlError: MISSING_MESSAGE: Could not resolve `series.fandomk.name` in messages for locale `ko`.
    at getFallbackFromErrorAndNotify (http://localhost:3000/_next/static/chunks/node_modules__pnpm_073u4m3._.js:1830:23)
    at translateBaseFn (http://localhost:3000/_next/static/chunks/node_modules__pnpm_073u4m3._.js:1860:28)
    at translateFn (http://localhost:3000/_next/static/chunks/node_modules__pnpm_073u4m3._.js:1888:24)
    at SeriesCard (http://localhost:3000/_next/static/chunks/_0gnusxm._.js?id=%255Bproject%255D%252Fcomponents%252Fseries%252Fseries-card.tsx+%255Bapp-client%255D+%2528ecmascript%2529:24:18)
    at Object.react_stack_bottom_frame (http://localhost:3000/_next/static/chunks/0xn0_next_dist_compiled_react-dom_0tq~lu8._.js:15037:24)
    at renderWithHooks (http://localhost:3000/_next/static/chunks/0xn0_next_dist_compiled_react-dom_0tq~lu8._.js:4620:24)
    at updateFunctionComponent (http://localhost:3000/_next/static/chunks/0xn0_next_dist_compiled_react-dom_0tq~lu8._.js:6081:21)
    at beginWork (http://localhost:3000/_next/static/chunks/0xn0_next_dist_compiled_react-dom_0tq~lu8._.js:6691:24)
    at runWithFiberInDEV (http://localhost:3000/_next/static/chunks/0xn0_next_dist_compiled_react-dom_0tq~lu8._.js:965:74)
    at performUnitOfWork (http://localhost:3000/_next/static/chunks/0xn0_next_dist_compiled_react-dom_0tq~lu8._.js:9555:97)
    at workLoopSync (http://localhost:3000/_next/static/chunks/0xn0_next_dist_compiled_react-dom_0tq~lu8._.js:9449:40)
    at renderRootSync (http://localhost:3000/_next/static/chunks/0xn0_next_dist_compiled_react-dom_0tq~lu8._.js:9433:13)
    at performWorkOnRoot (http://localhost:3000/_next/static/chunks/0xn0_next_dist_compiled_react-dom_0tq~lu8._.js:9061:186)
    at performSyncWorkOnRoot (http://localhost:3000/_next/static/chunks/0xn0_next_dist_compiled_react-dom_0tq~lu8._.js:10263:9)
    at flushSyncWorkAcrossRoots_impl (http://localhost:3000/_next/static/chunks/0xn0_next_dist_compiled_react-dom_0tq~lu8._.js:10179:316)
    at flushSyncWork$1 (http://localhost:3000/_next/static/chunks/0xn0_next_dist_compiled_react-dom_0tq~lu8._.js:9230:86)
    at Object.scheduleRefresh (http://localhost:3000/_next/static/chunks/0xn0_next_dist_compiled_react-dom_0tq~lu8._.js:299:13)
    at http://localhost:3000/_next/static/chunks/0xn0_next_dist_compiled_0bc8sc2._.js:391:33
    at Set.forEach (<anonymous>)
    at Object.performReactRefresh (http://localhost:3000/_next/static/chunks/0xn0_next_dist_compiled_0bc8sc2._.js:384:38)
    at applyUpdate (http://localhost:3000/_next/static/chunks/0xn0_next_dist_compiled_0bc8sc2._.js:878:31)
    at http://localhost:3000/_next/static/chunks/0xn0_next_dist_compiled_0bc8sc2._.js:886:13 @ http://localhost:3000/_next/static/chunks/0xn0_next_dist_0-rlh9~._.js:3318
[  143704ms] [ERROR] IntlError: MISSING_MESSAGE: Could not resolve `series.postCount` in messages for locale `ko`.
    at getFallbackFromErrorAndNotify (http://localhost:3000/_next/static/chunks/node_modules__pnpm_073u4m3._.js:1830:23)
    at translateBaseFn (http://localhost:3000/_next/static/chunks/node_modules__pnpm_073u4m3._.js:1860:28)
    at translateFn (http://localhost:3000/_next/static/chunks/node_modules__pnpm_073u4m3._.js:1888:24)
    at SeriesCard (http://localhost:3000/_next/static/chunks/_0gnusxm._.js?id=%255Bproject%255D%252Fcomponents%252Fseries%252Fseries-card.tsx+%255Bapp-client%255D+%2528ecmascript%2529:53:39)
    at Object.react_stack_bottom_frame (http://localhost:3000/_next/static/chunks/0xn0_next_dist_compiled_react-dom_0tq~lu8._.js:15037:24)
    at renderWithHooks (http://localhost:3000/_next/static/chunks/0xn0_next_dist_compiled_react-dom_0tq~lu8._.js:4620:24)
    at updateFunctionComponent (http://localhost:3000/_next/static/chunks/0xn0_next_dist_compiled_react-dom_0tq~lu8._.js:6081:21)
    at beginWork (http://localhost:3000/_next/static/chunks/0xn0_next_dist_compiled_react-dom_0tq~lu8._.js:6691:24)
    at runWithFiberInDEV (http://localhost:3000/_next/static/chunks/0xn0_next_dist_compiled_react-dom_0tq~lu8._.js:965:74)
    at performUnitOfWork (http://localhost:3000/_next/static/chunks/0xn0_next_dist_compiled_react-dom_0tq~lu8._.js:9555:97)
    at workLoopSync (http://localhost:3000/_next/static/chunks/0xn0_next_dist_compiled_react-dom_0tq~lu8._.js:9449:40)
    at renderRootSync (http://localhost:3000/_next/static/chunks/0xn0_next_dist_compiled_react-dom_0tq~lu8._.js:9433:13)
    at performWorkOnRoot (http://localhost:3000/_next/static/chunks/0xn0_next_dist_compiled_react-dom_0tq~lu8._.js:9061:186)
    at performSyncWorkOnRoot (http://localhost:3000/_next/static/chunks/0xn0_next_dist_compiled_react-dom_0tq~lu8._.js:10263:9)
    at flushSyncWorkAcrossRoots_impl (http://localhost:3000/_next/static/chunks/0xn0_next_dist_compiled_react-dom_0tq~lu8._.js:10179:316)
    at flushSyncWork$1 (http://localhost:3000/_next/static/chunks/0xn0_next_dist_compiled_react-dom_0tq~lu8._.js:9230:86)
    at Object.scheduleRefresh (http://localhost:3000/_next/static/chunks/0xn0_next_dist_compiled_react-dom_0tq~lu8._.js:299:13)
    at http://localhost:3000/_next/static/chunks/0xn0_next_dist_compiled_0bc8sc2._.js:391:33
    at Set.forEach (<anonymous>)
    at Object.performReactRefresh (http://localhost:3000/_next/static/chunks/0xn0_next_dist_compiled_0bc8sc2._.js:384:38)
    at applyUpdate (http://localhost:3000/_next/static/chunks/0xn0_next_dist_compiled_0bc8sc2._.js:878:31)
    at http://localhost:3000/_next/static/chunks/0xn0_next_dist_compiled_0bc8sc2._.js:886:13 @ http://localhost:3000/_next/static/chunks/0xn0_next_dist_0-rlh9~._.js:3318
[  143704ms] [ERROR] IntlError: MISSING_MESSAGE: Could not resolve `series.fandomk.description` in messages for locale `ko`.
    at getFallbackFromErrorAndNotify (http://localhost:3000/_next/static/chunks/node_modules__pnpm_073u4m3._.js:1830:23)
    at translateBaseFn (http://localhost:3000/_next/static/chunks/node_modules__pnpm_073u4m3._.js:1860:28)
    at translateFn (http://localhost:3000/_next/static/chunks/node_modules__pnpm_073u4m3._.js:1888:24)
    at SeriesCard (http://localhost:3000/_next/static/chunks/_0gnusxm._.js?id=%255Bproject%255D%252Fcomponents%252Fseries%252Fseries-card.tsx+%255Bapp-client%255D+%2528ecmascript%2529:77:31)
    at Object.react_stack_bottom_frame (http://localhost:3000/_next/static/chunks/0xn0_next_dist_compiled_react-dom_0tq~lu8._.js:15037:24)
    at renderWithHooks (http://localhost:3000/_next/static/chunks/0xn0_next_dist_compiled_react-dom_0tq~lu8._.js:4620:24)
    at updateFunctionComponent (http://localhost:3000/_next/static/chunks/0xn0_next_dist_compiled_react-dom_0tq~lu8._.js:6081:21)
    at beginWork (http://localhost:3000/_next/static/chunks/0xn0_next_dist_compiled_react-dom_0tq~lu8._.js:6691:24)
    at runWithFiberInDEV (http://localhost:3000/_next/static/chunks/0xn0_next_dist_compiled_react-dom_0tq~lu8._.js:965:74)
    at performUnitOfWork (http://localhost:3000/_next/static/chunks/0xn0_next_dist_compiled_react-dom_0tq~lu8._.js:9555:97)
    at workLoopSync (http://localhost:3000/_next/static/chunks/0xn0_next_dist_compiled_react-dom_0tq~lu8._.js:9449:40)
    at renderRootSync (http://localhost:3000/_next/static/chunks/0xn0_next_dist_compiled_react-dom_0tq~lu8._.js:9433:13)
    at performWorkOnRoot (http://localhost:3000/_next/static/chunks/0xn0_next_dist_compiled_react-dom_0tq~lu8._.js:9061:186)
    at performSyncWorkOnRoot (http://localhost:3000/_next/static/chunks/0xn0_next_dist_compiled_react-dom_0tq~lu8._.js:10263:9)
    at flushSyncWorkAcrossRoots_impl (http://localhost:3000/_next/static/chunks/0xn0_next_dist_compiled_react-dom_0tq~lu8._.js:10179:316)
    at flushSyncWork$1 (http://localhost:3000/_next/static/chunks/0xn0_next_dist_compiled_react-dom_0tq~lu8._.js:9230:86)
    at Object.scheduleRefresh (http://localhost:3000/_next/static/chunks/0xn0_next_dist_compiled_react-dom_0tq~lu8._.js:299:13)
    at http://localhost:3000/_next/static/chunks/0xn0_next_dist_compiled_0bc8sc2._.js:391:33
    at Set.forEach (<anonymous>)
    at Object.performReactRefresh (http://localhost:3000/_next/static/chunks/0xn0_next_dist_compiled_0bc8sc2._.js:384:38)
    at applyUpdate (http://localhost:3000/_next/static/chunks/0xn0_next_dist_compiled_0bc8sc2._.js:878:31)
    at http://localhost:3000/_next/static/chunks/0xn0_next_dist_compiled_0bc8sc2._.js:886:13 @ http://localhost:3000/_next/static/chunks/0xn0_next_dist_0-rlh9~._.js:3318
[  143704ms] [ERROR] IntlError: MISSING_MESSAGE: Could not resolve `series.fandomk.name` in messages for locale `ko`.
    at getFallbackFromErrorAndNotify (http://localhost:3000/_next/static/chunks/node_modules__pnpm_073u4m3._.js:1830:23)
    at translateBaseFn (http://localhost:3000/_next/static/chunks/node_modules__pnpm_073u4m3._.js:1860:28)
    at translateFn (http://localhost:3000/_next/static/chunks/node_modules__pnpm_073u4m3._.js:1888:24)
    at SeriesCard (http://localhost:3000/_next/static/chunks/_0gnusxm._.js?id=%255Bproject%255D%252Fcomponents%252Fseries%252Fseries-card.tsx+%255Bapp-client%255D+%2528ecmascript%2529:24:18)
    at Object.react_stack_bottom_frame (http://localhost:3000/_next/static/chunks/0xn0_next_dist_compiled_react-dom_0tq~lu8._.js:15037:24)
    at renderWithHooksAgain (http://localhost:3000/_next/static/chunks/0xn0_next_dist_compiled_react-dom_0tq~lu8._.js:4675:24)
    at renderWithHooks (http://localhost:3000/_next/static/chunks/0xn0_next_dist_compiled_react-dom_0tq~lu8._.js:4626:28)
    at updateFunctionComponent (http://localhost:3000/_next/static/chunks/0xn0_next_dist_compiled_react-dom_0tq~lu8._.js:6081:21)
    at beginWork (http://localhost:3000/_next/static/chunks/0xn0_next_dist_compiled_react-dom_0tq~lu8._.js:6691:24)
    at runWithFiberInDEV (http://localhost:3000/_next/static/chunks/0xn0_next_dist_compiled_react-dom_0tq~lu8._.js:965:74)
    at performUnitOfWork (http://localhost:3000/_next/static/chunks/0xn0_next_dist_compiled_react-dom_0tq~lu8._.js:9555:97)
    at workLoopSync (http://localhost:3000/_next/static/chunks/0xn0_next_dist_compiled_react-dom_0tq~lu8._.js:9449:40)
    at renderRootSync (http://localhost:3000/_next/static/chunks/0xn0_next_dist_compiled_react-dom_0tq~lu8._.js:9433:13)
    at performWorkOnRoot (http://localhost:3000/_next/static/chunks/0xn0_next_dist_compiled_react-dom_0tq~lu8._.js:9061:186)
    at performSyncWorkOnRoot (http://localhost:3000/_next/static/chunks/0xn0_next_dist_compiled_react-dom_0tq~lu8._.js:10263:9)
    at flushSyncWorkAcrossRoots_impl (http://localhost:3000/_next/static/chunks/0xn0_next_dist_compiled_react-dom_0tq~lu8._.js:10179:316)
    at flushSyncWork$1 (http://localhost:3000/_next/static/chunks/0xn0_next_dist_compiled_react-dom_0tq~lu8._.js:9230:86)
    at Object.scheduleRefresh (http://localhost:3000/_next/static/chunks/0xn0_next_dist_compiled_react-dom_0tq~lu8._.js:299:13)
    at http://localhost:3000/_next/static/chunks/0xn0_next_dist_compiled_0bc8sc2._.js:391:33
    at Set.forEach (<anonymous>)
    at Object.performReactRefresh (http://localhost:3000/_next/static/chunks/0xn0_next_dist_compiled_0bc8sc2._.js:384:38)
    at applyUpdate (http://localhost:3000/_next/static/chunks/0xn0_next_dist_compiled_0bc8sc2._.js:878:31)
    at http://localhost:3000/_next/static/chunks/0xn0_next_dist_compiled_0bc8sc2._.js:886:13 @ http://localhost:3000/_next/static/chunks/0xn0_next_dist_0-rlh9~._.js:3318
[  143705ms] [ERROR] IntlError: MISSING_MESSAGE: Could not resolve `series.postCount` in messages for locale `ko`.
    at getFallbackFromErrorAndNotify (http://localhost:3000/_next/static/chunks/node_modules__pnpm_073u4m3._.js:1830:23)
    at translateBaseFn (http://localhost:3000/_next/static/chunks/node_modules__pnpm_073u4m3._.js:1860:28)
    at translateFn (http://localhost:3000/_next/static/chunks/node_modules__pnpm_073u4m3._.js:1888:24)
    at SeriesCard (http://localhost:3000/_next/static/chunks/_0gnusxm._.js?id=%255Bproject%255D%252Fcomponents%252Fseries%252Fseries-card.tsx+%255Bapp-client%255D+%2528ecmascript%2529:53:39)
    at Object.react_stack_bottom_frame (http://localhost:3000/_next/static/chunks/0xn0_next_dist_compiled_react-dom_0tq~lu8._.js:15037:24)
    at renderWithHooksAgain (http://localhost:3000/_next/static/chunks/0xn0_next_dist_compiled_react-dom_0tq~lu8._.js:4675:24)
    at renderWithHooks (http://localhost:3000/_next/static/chunks/0xn0_next_dist_compiled_react-dom_0tq~lu8._.js:4626:28)
    at updateFunctionComponent (http://localhost:3000/_next/static/chunks/0xn0_next_dist_compiled_react-dom_0tq~lu8._.js:6081:21)
    at beginWork (http://localhost:3000/_next/static/chunks/0xn0_next_dist_compiled_react-dom_0tq~lu8._.js:6691:24)
    at runWithFiberInDEV (http://localhost:3000/_next/static/chunks/0xn0_next_dist_compiled_react-dom_0tq~lu8._.js:965:74)
    at performUnitOfWork (http://localhost:3000/_next/static/chunks/0xn0_next_dist_compiled_react-dom_0tq~lu8._.js:9555:97)
    at workLoopSync (http://localhost:3000/_next/static/chunks/0xn0_next_dist_compiled_react-dom_0tq~lu8._.js:9449:40)
    at renderRootSync (http://localhost:3000/_next/static/chunks/0xn0_next_dist_compiled_react-dom_0tq~lu8._.js:9433:13)
    at performWorkOnRoot (http://localhost:3000/_next/static/chunks/0xn0_next_dist_compiled_react-dom_0tq~lu8._.js:9061:186)
    at performSyncWorkOnRoot (http://localhost:3000/_next/static/chunks/0xn0_next_dist_compiled_react-dom_0tq~lu8._.js:10263:9)
    at flushSyncWorkAcrossRoots_impl (http://localhost:3000/_next/static/chunks/0xn0_next_dist_compiled_react-dom_0tq~lu8._.js:10179:316)
    at flushSyncWork$1 (http://localhost:3000/_next/static/chunks/0xn0_next_dist_compiled_react-dom_0tq~lu8._.js:9230:86)
    at Object.scheduleRefresh (http://localhost:3000/_next/static/chunks/0xn0_next_dist_compiled_react-dom_0tq~lu8._.js:299:13)
    at http://localhost:3000/_next/static/chunks/0xn0_next_dist_compiled_0bc8sc2._.js:391:33
    at Set.forEach (<anonymous>)
    at Object.performReactRefresh (http://localhost:3000/_next/static/chunks/0xn0_next_dist_compiled_0bc8sc2._.js:384:38)
    at applyUpdate (http://localhost:3000/_next/static/chunks/0xn0_next_dist_compiled_0bc8sc2._.js:878:31)
    at http://localhost:3000/_next/static/chunks/0xn0_next_dist_compiled_0bc8sc2._.js:886:13 @ http://localhost:3000/_next/static/chunks/0xn0_next_dist_0-rlh9~._.js:3318
[  143705ms] [ERROR] IntlError: MISSING_MESSAGE: Could not resolve `series.fandomk.description` in messages for locale `ko`.
    at getFallbackFromErrorAndNotify (http://localhost:3000/_next/static/chunks/node_modules__pnpm_073u4m3._.js:1830:23)
    at translateBaseFn (http://localhost:3000/_next/static/chunks/node_modules__pnpm_073u4m3._.js:1860:28)
    at translateFn (http://localhost:3000/_next/static/chunks/node_modules__pnpm_073u4m3._.js:1888:24)
    at SeriesCard (http://localhost:3000/_next/static/chunks/_0gnusxm._.js?id=%255Bproject%255D%252Fcomponents%252Fseries%252Fseries-card.tsx+%255Bapp-client%255D+%2528ecmascript%2529:77:31)
    at Object.react_stack_bottom_frame (http://localhost:3000/_next/static/chunks/0xn0_next_dist_compiled_react-dom_0tq~lu8._.js:15037:24)
    at renderWithHooksAgain (http://localhost:3000/_next/static/chunks/0xn0_next_dist_compiled_react-dom_0tq~lu8._.js:4675:24)
    at renderWithHooks (http://localhost:3000/_next/static/chunks/0xn0_next_dist_compiled_react-dom_0tq~lu8._.js:4626:28)
    at updateFunctionComponent (http://localhost:3000/_next/static/chunks/0xn0_next_dist_compiled_react-dom_0tq~lu8._.js:6081:21)
    at beginWork (http://localhost:3000/_next/static/chunks/0xn0_next_dist_compiled_react-dom_0tq~lu8._.js:6691:24)
    at runWithFiberInDEV (http://localhost:3000/_next/static/chunks/0xn0_next_dist_compiled_react-dom_0tq~lu8._.js:965:74)
    at performUnitOfWork (http://localhost:3000/_next/static/chunks/0xn0_next_dist_compiled_react-dom_0tq~lu8._.js:9555:97)
    at workLoopSync (http://localhost:3000/_next/static/chunks/0xn0_next_dist_compiled_react-dom_0tq~lu8._.js:9449:40)
    at renderRootSync (http://localhost:3000/_next/static/chunks/0xn0_next_dist_compiled_react-dom_0tq~lu8._.js:9433:13)
    at performWorkOnRoot (http://localhost:3000/_next/static/chunks/0xn0_next_dist_compiled_react-dom_0tq~lu8._.js:9061:186)
    at performSyncWorkOnRoot (http://localhost:3000/_next/static/chunks/0xn0_next_dist_compiled_react-dom_0tq~lu8._.js:10263:9)
    at flushSyncWorkAcrossRoots_impl (http://localhost:3000/_next/static/chunks/0xn0_next_dist_compiled_react-dom_0tq~lu8._.js:10179:316)
    at flushSyncWork$1 (http://localhost:3000/_next/static/chunks/0xn0_next_dist_compiled_react-dom_0tq~lu8._.js:9230:86)
    at Object.scheduleRefresh (http://localhost:3000/_next/static/chunks/0xn0_next_dist_compiled_react-dom_0tq~lu8._.js:299:13)
    at http://localhost:3000/_next/static/chunks/0xn0_next_dist_compiled_0bc8sc2._.js:391:33
    at Set.forEach (<anonymous>)
    at Object.performReactRefresh (http://localhost:3000/_next/static/chunks/0xn0_next_dist_compiled_0bc8sc2._.js:384:38)
    at applyUpdate (http://localhost:3000/_next/static/chunks/0xn0_next_dist_compiled_0bc8sc2._.js:878:31)
    at http://localhost:3000/_next/static/chunks/0xn0_next_dist_compiled_0bc8sc2._.js:886:13 @ http://localhost:3000/_next/static/chunks/0xn0_next_dist_0-rlh9~._.js:3318
[  143940ms] [LOG] [Fast Refresh] done in 197ms @ http://localhost:3000/_next/static/chunks/0xn0_next_dist_0-rlh9~._.js:2477
[  144058ms] [LOG] [Fast Refresh] rebuilding @ http://localhost:3000/_next/static/chunks/0xn0_next_dist_0-rlh9~._.js:2477
[  144089ms] [LOG] [Fast Refresh] done in 132ms @ http://localhost:3000/_next/static/chunks/0xn0_next_dist_0-rlh9~._.js:2477
[  144215ms] [ERROR] IntlError: MISSING_MESSAGE: Could not resolve `series` in messages for locale `ko`.
    at getMessagesOrError (http://localhost:3000/_next/static/chunks/node_modules__pnpm_073u4m3._.js:1816:27)
    at createBaseTranslator (http://localhost:3000/_next/static/chunks/node_modules__pnpm_073u4m3._.js:1821:29)
    at useTranslationsImpl.useMemo[translate] (http://localhost:3000/_next/static/chunks/node_modules__pnpm_073u4m3._.js:2342:332)
    at mountMemo (http://localhost:3000/_next/static/chunks/0xn0_next_dist_compiled_react-dom_0tq~lu8._.js:5393:25)
    at Object.useMemo (http://localhost:3000/_next/static/chunks/0xn0_next_dist_compiled_react-dom_0tq~lu8._.js:15213:24)
    at exports.useMemo (http://localhost:3000/_next/static/chunks/0xn0_next_dist_compiled_0bc8sc2._.js:1742:36)
    at useTranslationsImpl (http://localhost:3000/_next/static/chunks/node_modules__pnpm_073u4m3._.js:2341:357)
    at useTranslations (http://localhost:3000/_next/static/chunks/node_modules__pnpm_073u4m3._.js:2380:12)
    at http://localhost:3000/_next/static/chunks/node_modules__pnpm_073u4m3._.js:5715:20
    at SeriesSection (http://localhost:3000/_next/static/chunks/_0gnusxm._.js?id=%255Bproject%255D%252Fcomponents%252Fseries%252Fseries-section.tsx+%255Bapp-client%255D+%2528ecmascript%2529:18:437)
    at Object.react_stack_bottom_frame (http://localhost:3000/_next/static/chunks/0xn0_next_dist_compiled_react-dom_0tq~lu8._.js:15037:24)
    at renderWithHooks (http://localhost:3000/_next/static/chunks/0xn0_next_dist_compiled_react-dom_0tq~lu8._.js:4620:24)
    at updateFunctionComponent (http://localhost:3000/_next/static/chunks/0xn0_next_dist_compiled_react-dom_0tq~lu8._.js:6081:21)
    at beginWork (http://localhost:3000/_next/static/chunks/0xn0_next_dist_compiled_react-dom_0tq~lu8._.js:6691:24)
    at runWithFiberInDEV (http://localhost:3000/_next/static/chunks/0xn0_next_dist_compiled_react-dom_0tq~lu8._.js:965:74)
    at performUnitOfWork (http://localhost:3000/_next/static/chunks/0xn0_next_dist_compiled_react-dom_0tq~lu8._.js:9555:97)
    at workLoopSync (http://localhost:3000/_next/static/chunks/0xn0_next_dist_compiled_react-dom_0tq~lu8._.js:9449:40)
    at renderRootSync (http://localhost:3000/_next/static/chunks/0xn0_next_dist_compiled_react-dom_0tq~lu8._.js:9433:13)
    at performWorkOnRoot (http://localhost:3000/_next/static/chunks/0xn0_next_dist_compiled_react-dom_0tq~lu8._.js:9061:186)
    at performSyncWorkOnRoot (http://localhost:3000/_next/static/chunks/0xn0_next_dist_compiled_react-dom_0tq~lu8._.js:10263:9)
    at flushSyncWorkAcrossRoots_impl (http://localhost:3000/_next/static/chunks/0xn0_next_dist_compiled_react-dom_0tq~lu8._.js:10179:316)
    at flushSyncWork$1 (http://localhost:3000/_next/static/chunks/0xn0_next_dist_compiled_react-dom_0tq~lu8._.js:9230:86)
    at Object.scheduleRefresh (http://localhost:3000/_next/static/chunks/0xn0_next_dist_compiled_react-dom_0tq~lu8._.js:299:13)
    at http://localhost:3000/_next/static/chunks/0xn0_next_dist_compiled_0bc8sc2._.js:391:33
    at Set.forEach (<anonymous>)
    at Object.performReactRefresh (http://localhost:3000/_next/static/chunks/0xn0_next_dist_compiled_0bc8sc2._.js:384:38)
    at applyUpdate (http://localhost:3000/_next/static/chunks/0xn0_next_dist_compiled_0bc8sc2._.js:878:31)
    at http://localhost:3000/_next/static/chunks/0xn0_next_dist_compiled_0bc8sc2._.js:886:13 @ http://localhost:3000/_next/static/chunks/0xn0_next_dist_0-rlh9~._.js:3318
[  144215ms] [ERROR] IntlError: MISSING_MESSAGE: Could not resolve `series` in messages for locale `ko`.
    at getMessagesOrError (http://localhost:3000/_next/static/chunks/node_modules__pnpm_073u4m3._.js:1816:27)
    at createBaseTranslator (http://localhost:3000/_next/static/chunks/node_modules__pnpm_073u4m3._.js:1821:29)
    at useTranslationsImpl.useMemo[translate] (http://localhost:3000/_next/static/chunks/node_modules__pnpm_073u4m3._.js:2342:332)
    at mountMemo (http://localhost:3000/_next/static/chunks/0xn0_next_dist_compiled_react-dom_0tq~lu8._.js:5393:25)
    at Object.useMemo (http://localhost:3000/_next/static/chunks/0xn0_next_dist_compiled_react-dom_0tq~lu8._.js:15213:24)
    at exports.useMemo (http://localhost:3000/_next/static/chunks/0xn0_next_dist_compiled_0bc8sc2._.js:1742:36)
    at useTranslationsImpl (http://localhost:3000/_next/static/chunks/node_modules__pnpm_073u4m3._.js:2341:357)
    at useTranslations (http://localhost:3000/_next/static/chunks/node_modules__pnpm_073u4m3._.js:2380:12)
    at http://localhost:3000/_next/static/chunks/node_modules__pnpm_073u4m3._.js:5715:20
    at SeriesSection (http://localhost:3000/_next/static/chunks/_0gnusxm._.js?id=%255Bproject%255D%252Fcomponents%252Fseries%252Fseries-section.tsx+%255Bapp-client%255D+%2528ecmascript%2529:18:437)
    at Object.react_stack_bottom_frame (http://localhost:3000/_next/static/chunks/0xn0_next_dist_compiled_react-dom_0tq~lu8._.js:15037:24)
    at renderWithHooks (http://localhost:3000/_next/static/chunks/0xn0_next_dist_compiled_react-dom_0tq~lu8._.js:4620:24)
    at updateFunctionComponent (http://localhost:3000/_next/static/chunks/0xn0_next_dist_compiled_react-dom_0tq~lu8._.js:6081:21)
    at beginWork (http://localhost:3000/_next/static/chunks/0xn0_next_dist_compiled_react-dom_0tq~lu8._.js:6691:24)
    at runWithFiberInDEV (http://localhost:3000/_next/static/chunks/0xn0_next_dist_compiled_react-dom_0tq~lu8._.js:965:74)
    at performUnitOfWork (http://localhost:3000/_next/static/chunks/0xn0_next_dist_compiled_react-dom_0tq~lu8._.js:9555:97)
    at workLoopSync (http://localhost:3000/_next/static/chunks/0xn0_next_dist_compiled_react-dom_0tq~lu8._.js:9449:40)
    at renderRootSync (http://localhost:3000/_next/static/chunks/0xn0_next_dist_compiled_react-dom_0tq~lu8._.js:9433:13)
    at performWorkOnRoot (http://localhost:3000/_next/static/chunks/0xn0_next_dist_compiled_react-dom_0tq~lu8._.js:9061:186)
    at performSyncWorkOnRoot (http://localhost:3000/_next/static/chunks/0xn0_next_dist_compiled_react-dom_0tq~lu8._.js:10263:9)
    at flushSyncWorkAcrossRoots_impl (http://localhost:3000/_next/static/chunks/0xn0_next_dist_compiled_react-dom_0tq~lu8._.js:10179:316)
    at flushSyncWork$1 (http://localhost:3000/_next/static/chunks/0xn0_next_dist_compiled_react-dom_0tq~lu8._.js:9230:86)
    at Object.scheduleRefresh (http://localhost:3000/_next/static/chunks/0xn0_next_dist_compiled_react-dom_0tq~lu8._.js:299:13)
    at http://localhost:3000/_next/static/chunks/0xn0_next_dist_compiled_0bc8sc2._.js:391:33
    at Set.forEach (<anonymous>)
    at Object.performReactRefresh (http://localhost:3000/_next/static/chunks/0xn0_next_dist_compiled_0bc8sc2._.js:384:38)
    at applyUpdate (http://localhost:3000/_next/static/chunks/0xn0_next_dist_compiled_0bc8sc2._.js:878:31)
    at http://localhost:3000/_next/static/chunks/0xn0_next_dist_compiled_0bc8sc2._.js:886:13 @ http://localhost:3000/_next/static/chunks/0xn0_next_dist_0-rlh9~._.js:3318
[  144215ms] [ERROR] IntlError: MISSING_MESSAGE: Could not resolve `series` in messages for locale `ko`.
    at getMessagesOrError (http://localhost:3000/_next/static/chunks/node_modules__pnpm_073u4m3._.js:1816:27)
    at createBaseTranslator (http://localhost:3000/_next/static/chunks/node_modules__pnpm_073u4m3._.js:1821:29)
    at useTranslationsImpl.useMemo[translate] (http://localhost:3000/_next/static/chunks/node_modules__pnpm_073u4m3._.js:2342:332)
    at mountMemo (http://localhost:3000/_next/static/chunks/0xn0_next_dist_compiled_react-dom_0tq~lu8._.js:5393:25)
    at Object.useMemo (http://localhost:3000/_next/static/chunks/0xn0_next_dist_compiled_react-dom_0tq~lu8._.js:15213:24)
    at exports.useMemo (http://localhost:3000/_next/static/chunks/0xn0_next_dist_compiled_0bc8sc2._.js:1742:36)
    at useTranslationsImpl (http://localhost:3000/_next/static/chunks/node_modules__pnpm_073u4m3._.js:2341:357)
    at useTranslations (http://localhost:3000/_next/static/chunks/node_modules__pnpm_073u4m3._.js:2380:12)
    at http://localhost:3000/_next/static/chunks/node_modules__pnpm_073u4m3._.js:5715:20
    at SeriesSection (http://localhost:3000/_next/static/chunks/_0gnusxm._.js?id=%255Bproject%255D%252Fcomponents%252Fseries%252Fseries-section.tsx+%255Bapp-client%255D+%2528ecmascript%2529:18:437)
    at Object.react_stack_bottom_frame (http://localhost:3000/_next/static/chunks/0xn0_next_dist_compiled_react-dom_0tq~lu8._.js:15037:24)
    at renderWithHooks (http://localhost:3000/_next/static/chunks/0xn0_next_dist_compiled_react-dom_0tq~lu8._.js:4620:24)
    at updateFunctionComponent (http://localhost:3000/_next/static/chunks/0xn0_next_dist_compiled_react-dom_0tq~lu8._.js:6081:21)
    at beginWork (http://localhost:3000/_next/static/chunks/0xn0_next_dist_compiled_react-dom_0tq~lu8._.js:6691:24)
    at runWithFiberInDEV (http://localhost:3000/_next/static/chunks/0xn0_next_dist_compiled_react-dom_0tq~lu8._.js:965:74)
    at performUnitOfWork (http://localhost:3000/_next/static/chunks/0xn0_next_dist_compiled_react-dom_0tq~lu8._.js:9555:97)
    at workLoopSync (http://localhost:3000/_next/static/chunks/0xn0_next_dist_compiled_react-dom_0tq~lu8._.js:9449:40)
    at renderRootSync (http://localhost:3000/_next/static/chunks/0xn0_next_dist_compiled_react-dom_0tq~lu8._.js:9433:13)
    at performWorkOnRoot (http://localhost:3000/_next/static/chunks/0xn0_next_dist_compiled_react-dom_0tq~lu8._.js:9061:186)
    at performSyncWorkOnRoot (http://localhost:3000/_next/static/chunks/0xn0_next_dist_compiled_react-dom_0tq~lu8._.js:10263:9)
    at flushSyncWorkAcrossRoots_impl (http://localhost:3000/_next/static/chunks/0xn0_next_dist_compiled_react-dom_0tq~lu8._.js:10179:316)
    at flushSyncWork$1 (http://localhost:3000/_next/static/chunks/0xn0_next_dist_compiled_react-dom_0tq~lu8._.js:9230:86)
    at Object.scheduleRefresh (http://localhost:3000/_next/static/chunks/0xn0_next_dist_compiled_react-dom_0tq~lu8._.js:299:13)
    at http://localhost:3000/_next/static/chunks/0xn0_next_dist_compiled_0bc8sc2._.js:391:33
    at Set.forEach (<anonymous>)
    at Object.performReactRefresh (http://localhost:3000/_next/static/chunks/0xn0_next_dist_compiled_0bc8sc2._.js:384:38)
    at applyUpdate (http://localhost:3000/_next/static/chunks/0xn0_next_dist_compiled_0bc8sc2._.js:878:31)
    at http://localhost:3000/_next/static/chunks/0xn0_next_dist_compiled_0bc8sc2._.js:886:13 @ http://localhost:3000/_next/static/chunks/0xn0_next_dist_0-rlh9~._.js:3318
[  144215ms] [ERROR] IntlError: MISSING_MESSAGE: Could not resolve `series` in messages for locale `ko`.
    at getMessagesOrError (http://localhost:3000/_next/static/chunks/node_modules__pnpm_073u4m3._.js:1816:27)
    at createBaseTranslator (http://localhost:3000/_next/static/chunks/node_modules__pnpm_073u4m3._.js:1821:29)
    at useTranslationsImpl.useMemo[translate] (http://localhost:3000/_next/static/chunks/node_modules__pnpm_073u4m3._.js:2342:332)
    at mountMemo (http://localhost:3000/_next/static/chunks/0xn0_next_dist_compiled_react-dom_0tq~lu8._.js:5393:25)
    at Object.useMemo (http://localhost:3000/_next/static/chunks/0xn0_next_dist_compiled_react-dom_0tq~lu8._.js:15213:24)
    at exports.useMemo (http://localhost:3000/_next/static/chunks/0xn0_next_dist_compiled_0bc8sc2._.js:1742:36)
    at useTranslationsImpl (http://localhost:3000/_next/static/chunks/node_modules__pnpm_073u4m3._.js:2341:357)
    at useTranslations (http://localhost:3000/_next/static/chunks/node_modules__pnpm_073u4m3._.js:2380:12)
    at http://localhost:3000/_next/static/chunks/node_modules__pnpm_073u4m3._.js:5715:20
    at SeriesSection (http://localhost:3000/_next/static/chunks/_0gnusxm._.js?id=%255Bproject%255D%252Fcomponents%252Fseries%252Fseries-section.tsx+%255Bapp-client%255D+%2528ecmascript%2529:18:437)
    at Object.react_stack_bottom_frame (http://localhost:3000/_next/static/chunks/0xn0_next_dist_compiled_react-dom_0tq~lu8._.js:15037:24)
    at renderWithHooks (http://localhost:3000/_next/static/chunks/0xn0_next_dist_compiled_react-dom_0tq~lu8._.js:4620:24)
    at updateFunctionComponent (http://localhost:3000/_next/static/chunks/0xn0_next_dist_compiled_react-dom_0tq~lu8._.js:6081:21)
    at beginWork (http://localhost:3000/_next/static/chunks/0xn0_next_dist_compiled_react-dom_0tq~lu8._.js:6691:24)
    at runWithFiberInDEV (http://localhost:3000/_next/static/chunks/0xn0_next_dist_compiled_react-dom_0tq~lu8._.js:965:74)
    at performUnitOfWork (http://localhost:3000/_next/static/chunks/0xn0_next_dist_compiled_react-dom_0tq~lu8._.js:9555:97)
    at workLoopSync (http://localhost:3000/_next/static/chunks/0xn0_next_dist_compiled_react-dom_0tq~lu8._.js:9449:40)
    at renderRootSync (http://localhost:3000/_next/static/chunks/0xn0_next_dist_compiled_react-dom_0tq~lu8._.js:9433:13)
    at performWorkOnRoot (http://localhost:3000/_next/static/chunks/0xn0_next_dist_compiled_react-dom_0tq~lu8._.js:9061:186)
    at performSyncWorkOnRoot (http://localhost:3000/_next/static/chunks/0xn0_next_dist_compiled_react-dom_0tq~lu8._.js:10263:9)
    at flushSyncWorkAcrossRoots_impl (http://localhost:3000/_next/static/chunks/0xn0_next_dist_compiled_react-dom_0tq~lu8._.js:10179:316)
    at flushSyncWork$1 (http://localhost:3000/_next/static/chunks/0xn0_next_dist_compiled_react-dom_0tq~lu8._.js:9230:86)
    at Object.scheduleRefresh (http://localhost:3000/_next/static/chunks/0xn0_next_dist_compiled_react-dom_0tq~lu8._.js:299:13)
    at http://localhost:3000/_next/static/chunks/0xn0_next_dist_compiled_0bc8sc2._.js:391:33
    at Set.forEach (<anonymous>)
    at Object.performReactRefresh (http://localhost:3000/_next/static/chunks/0xn0_next_dist_compiled_0bc8sc2._.js:384:38)
    at applyUpdate (http://localhost:3000/_next/static/chunks/0xn0_next_dist_compiled_0bc8sc2._.js:878:31)
    at http://localhost:3000/_next/static/chunks/0xn0_next_dist_compiled_0bc8sc2._.js:886:13 @ http://localhost:3000/_next/static/chunks/0xn0_next_dist_0-rlh9~._.js:3318
[  144216ms] [ERROR] IntlError: MISSING_MESSAGE: Could not resolve `series.kkom-kkom.name` in messages for locale `ko`.
    at getFallbackFromErrorAndNotify (http://localhost:3000/_next/static/chunks/node_modules__pnpm_073u4m3._.js:1830:23)
    at translateBaseFn (http://localhost:3000/_next/static/chunks/node_modules__pnpm_073u4m3._.js:1860:28)
    at translateFn (http://localhost:3000/_next/static/chunks/node_modules__pnpm_073u4m3._.js:1888:24)
    at SeriesCard (http://localhost:3000/_next/static/chunks/_0gnusxm._.js?id=%255Bproject%255D%252Fcomponents%252Fseries%252Fseries-card.tsx+%255Bapp-client%255D+%2528ecmascript%2529:24:18)
    at Object.react_stack_bottom_frame (http://localhost:3000/_next/static/chunks/0xn0_next_dist_compiled_react-dom_0tq~lu8._.js:15037:24)
    at renderWithHooks (http://localhost:3000/_next/static/chunks/0xn0_next_dist_compiled_react-dom_0tq~lu8._.js:4620:24)
    at updateFunctionComponent (http://localhost:3000/_next/static/chunks/0xn0_next_dist_compiled_react-dom_0tq~lu8._.js:6081:21)
    at beginWork (http://localhost:3000/_next/static/chunks/0xn0_next_dist_compiled_react-dom_0tq~lu8._.js:6691:24)
    at runWithFiberInDEV (http://localhost:3000/_next/static/chunks/0xn0_next_dist_compiled_react-dom_0tq~lu8._.js:965:74)
    at performUnitOfWork (http://localhost:3000/_next/static/chunks/0xn0_next_dist_compiled_react-dom_0tq~lu8._.js:9555:97)
    at workLoopConcurrentByScheduler (http://localhost:3000/_next/static/chunks/0xn0_next_dist_compiled_react-dom_0tq~lu8._.js:9551:58)
    at renderRootConcurrent (http://localhost:3000/_next/static/chunks/0xn0_next_dist_compiled_react-dom_0tq~lu8._.js:9534:71)
    at performWorkOnRoot (http://localhost:3000/_next/static/chunks/0xn0_next_dist_compiled_react-dom_0tq~lu8._.js:9061:150)
    at performWorkOnRootViaSchedulerTask (http://localhost:3000/_next/static/chunks/0xn0_next_dist_compiled_react-dom_0tq~lu8._.js:10255:9)
    at MessagePort.performWorkUntilDeadline (http://localhost:3000/_next/static/chunks/0xn0_next_dist_compiled_0bc8sc2._.js:2647:64) @ http://localhost:3000/_next/static/chunks/0xn0_next_dist_0-rlh9~._.js:3318
[  144216ms] [ERROR] IntlError: MISSING_MESSAGE: Could not resolve `series.postCount` in messages for locale `ko`.
    at getFallbackFromErrorAndNotify (http://localhost:3000/_next/static/chunks/node_modules__pnpm_073u4m3._.js:1830:23)
    at translateBaseFn (http://localhost:3000/_next/static/chunks/node_modules__pnpm_073u4m3._.js:1860:28)
    at translateFn (http://localhost:3000/_next/static/chunks/node_modules__pnpm_073u4m3._.js:1888:24)
    at SeriesCard (http://localhost:3000/_next/static/chunks/_0gnusxm._.js?id=%255Bproject%255D%252Fcomponents%252Fseries%252Fseries-card.tsx+%255Bapp-client%255D+%2528ecmascript%2529:53:39)
    at Object.react_stack_bottom_frame (http://localhost:3000/_next/static/chunks/0xn0_next_dist_compiled_react-dom_0tq~lu8._.js:15037:24)
    at renderWithHooks (http://localhost:3000/_next/static/chunks/0xn0_next_dist_compiled_react-dom_0tq~lu8._.js:4620:24)
    at updateFunctionComponent (http://localhost:3000/_next/static/chunks/0xn0_next_dist_compiled_react-dom_0tq~lu8._.js:6081:21)
    at beginWork (http://localhost:3000/_next/static/chunks/0xn0_next_dist_compiled_react-dom_0tq~lu8._.js:6691:24)
    at runWithFiberInDEV (http://localhost:3000/_next/static/chunks/0xn0_next_dist_compiled_react-dom_0tq~lu8._.js:965:74)
    at performUnitOfWork (http://localhost:3000/_next/static/chunks/0xn0_next_dist_compiled_react-dom_0tq~lu8._.js:9555:97)
    at workLoopConcurrentByScheduler (http://localhost:3000/_next/static/chunks/0xn0_next_dist_compiled_react-dom_0tq~lu8._.js:9551:58)
    at renderRootConcurrent (http://localhost:3000/_next/static/chunks/0xn0_next_dist_compiled_react-dom_0tq~lu8._.js:9534:71)
    at performWorkOnRoot (http://localhost:3000/_next/static/chunks/0xn0_next_dist_compiled_react-dom_0tq~lu8._.js:9061:150)
    at performWorkOnRootViaSchedulerTask (http://localhost:3000/_next/static/chunks/0xn0_next_dist_compiled_react-dom_0tq~lu8._.js:10255:9)
    at MessagePort.performWorkUntilDeadline (http://localhost:3000/_next/static/chunks/0xn0_next_dist_compiled_0bc8sc2._.js:2647:64) @ http://localhost:3000/_next/static/chunks/0xn0_next_dist_0-rlh9~._.js:3318
[  144216ms] [ERROR] IntlError: MISSING_MESSAGE: Could not resolve `series.kkom-kkom.description` in messages for locale `ko`.
    at getFallbackFromErrorAndNotify (http://localhost:3000/_next/static/chunks/node_modules__pnpm_073u4m3._.js:1830:23)
    at translateBaseFn (http://localhost:3000/_next/static/chunks/node_modules__pnpm_073u4m3._.js:1860:28)
    at translateFn (http://localhost:3000/_next/static/chunks/node_modules__pnpm_073u4m3._.js:1888:24)
    at SeriesCard (http://localhost:3000/_next/static/chunks/_0gnusxm._.js?id=%255Bproject%255D%252Fcomponents%252Fseries%252Fseries-card.tsx+%255Bapp-client%255D+%2528ecmascript%2529:77:31)
    at Object.react_stack_bottom_frame (http://localhost:3000/_next/static/chunks/0xn0_next_dist_compiled_react-dom_0tq~lu8._.js:15037:24)
    at renderWithHooks (http://localhost:3000/_next/static/chunks/0xn0_next_dist_compiled_react-dom_0tq~lu8._.js:4620:24)
    at updateFunctionComponent (http://localhost:3000/_next/static/chunks/0xn0_next_dist_compiled_react-dom_0tq~lu8._.js:6081:21)
    at beginWork (http://localhost:3000/_next/static/chunks/0xn0_next_dist_compiled_react-dom_0tq~lu8._.js:6691:24)
    at runWithFiberInDEV (http://localhost:3000/_next/static/chunks/0xn0_next_dist_compiled_react-dom_0tq~lu8._.js:965:74)
    at performUnitOfWork (http://localhost:3000/_next/static/chunks/0xn0_next_dist_compiled_react-dom_0tq~lu8._.js:9555:97)
    at workLoopConcurrentByScheduler (http://localhost:3000/_next/static/chunks/0xn0_next_dist_compiled_react-dom_0tq~lu8._.js:9551:58)
    at renderRootConcurrent (http://localhost:3000/_next/static/chunks/0xn0_next_dist_compiled_react-dom_0tq~lu8._.js:9534:71)
    at performWorkOnRoot (http://localhost:3000/_next/static/chunks/0xn0_next_dist_compiled_react-dom_0tq~lu8._.js:9061:150)
    at performWorkOnRootViaSchedulerTask (http://localhost:3000/_next/static/chunks/0xn0_next_dist_compiled_react-dom_0tq~lu8._.js:10255:9)
    at MessagePort.performWorkUntilDeadline (http://localhost:3000/_next/static/chunks/0xn0_next_dist_compiled_0bc8sc2._.js:2647:64) @ http://localhost:3000/_next/static/chunks/0xn0_next_dist_0-rlh9~._.js:3318
[  144216ms] [ERROR] IntlError: MISSING_MESSAGE: Could not resolve `series.kkom-kkom.name` in messages for locale `ko`.
    at getFallbackFromErrorAndNotify (http://localhost:3000/_next/static/chunks/node_modules__pnpm_073u4m3._.js:1830:23)
    at translateBaseFn (http://localhost:3000/_next/static/chunks/node_modules__pnpm_073u4m3._.js:1860:28)
    at translateFn (http://localhost:3000/_next/static/chunks/node_modules__pnpm_073u4m3._.js:1888:24)
    at SeriesCard (http://localhost:3000/_next/static/chunks/_0gnusxm._.js?id=%255Bproject%255D%252Fcomponents%252Fseries%252Fseries-card.tsx+%255Bapp-client%255D+%2528ecmascript%2529:24:18)
    at Object.react_stack_bottom_frame (http://localhost:3000/_next/static/chunks/0xn0_next_dist_compiled_react-dom_0tq~lu8._.js:15037:24)
    at renderWithHooksAgain (http://localhost:3000/_next/static/chunks/0xn0_next_dist_compiled_react-dom_0tq~lu8._.js:4675:24)
    at renderWithHooks (http://localhost:3000/_next/static/chunks/0xn0_next_dist_compiled_react-dom_0tq~lu8._.js:4626:28)
    at updateFunctionComponent (http://localhost:3000/_next/static/chunks/0xn0_next_dist_compiled_react-dom_0tq~lu8._.js:6081:21)
    at beginWork (http://localhost:3000/_next/static/chunks/0xn0_next_dist_compiled_react-dom_0tq~lu8._.js:6691:24)
    at runWithFiberInDEV (http://localhost:3000/_next/static/chunks/0xn0_next_dist_compiled_react-dom_0tq~lu8._.js:965:74)
    at performUnitOfWork (http://localhost:3000/_next/static/chunks/0xn0_next_dist_compiled_react-dom_0tq~lu8._.js:9555:97)
    at workLoopConcurrentByScheduler (http://localhost:3000/_next/static/chunks/0xn0_next_dist_compiled_react-dom_0tq~lu8._.js:9551:58)
    at renderRootConcurrent (http://localhost:3000/_next/static/chunks/0xn0_next_dist_compiled_react-dom_0tq~lu8._.js:9534:71)
    at performWorkOnRoot (http://localhost:3000/_next/static/chunks/0xn0_next_dist_compiled_react-dom_0tq~lu8._.js:9061:150)
    at performWorkOnRootViaSchedulerTask (http://localhost:3000/_next/static/chunks/0xn0_next_dist_compiled_react-dom_0tq~lu8._.js:10255:9)
    at MessagePort.performWorkUntilDeadline (http://localhost:3000/_next/static/chunks/0xn0_next_dist_compiled_0bc8sc2._.js:2647:64) @ http://localhost:3000/_next/static/chunks/0xn0_next_dist_0-rlh9~._.js:3318
[  144216ms] [ERROR] IntlError: MISSING_MESSAGE: Could not resolve `series.postCount` in messages for locale `ko`.
    at getFallbackFromErrorAndNotify (http://localhost:3000/_next/static/chunks/node_modules__pnpm_073u4m3._.js:1830:23)
    at translateBaseFn (http://localhost:3000/_next/static/chunks/node_modules__pnpm_073u4m3._.js:1860:28)
    at translateFn (http://localhost:3000/_next/static/chunks/node_modules__pnpm_073u4m3._.js:1888:24)
    at SeriesCard (http://localhost:3000/_next/static/chunks/_0gnusxm._.js?id=%255Bproject%255D%252Fcomponents%252Fseries%252Fseries-card.tsx+%255Bapp-client%255D+%2528ecmascript%2529:53:39)
    at Object.react_stack_bottom_frame (http://localhost:3000/_next/static/chunks/0xn0_next_dist_compiled_react-dom_0tq~lu8._.js:15037:24)
    at renderWithHooksAgain (http://localhost:3000/_next/static/chunks/0xn0_next_dist_compiled_react-dom_0tq~lu8._.js:4675:24)
    at renderWithHooks (http://localhost:3000/_next/static/chunks/0xn0_next_dist_compiled_react-dom_0tq~lu8._.js:4626:28)
    at updateFunctionComponent (http://localhost:3000/_next/static/chunks/0xn0_next_dist_compiled_react-dom_0tq~lu8._.js:6081:21)
    at beginWork (http://localhost:3000/_next/static/chunks/0xn0_next_dist_compiled_react-dom_0tq~lu8._.js:6691:24)
    at runWithFiberInDEV (http://localhost:3000/_next/static/chunks/0xn0_next_dist_compiled_react-dom_0tq~lu8._.js:965:74)
    at performUnitOfWork (http://localhost:3000/_next/static/chunks/0xn0_next_dist_compiled_react-dom_0tq~lu8._.js:9555:97)
    at workLoopConcurrentByScheduler (http://localhost:3000/_next/static/chunks/0xn0_next_dist_compiled_react-dom_0tq~lu8._.js:9551:58)
    at renderRootConcurrent (http://localhost:3000/_next/static/chunks/0xn0_next_dist_compiled_react-dom_0tq~lu8._.js:9534:71)
    at performWorkOnRoot (http://localhost:3000/_next/static/chunks/0xn0_next_dist_compiled_react-dom_0tq~lu8._.js:9061:150)
    at performWorkOnRootViaSchedulerTask (http://localhost:3000/_next/static/chunks/0xn0_next_dist_compiled_react-dom_0tq~lu8._.js:10255:9)
    at MessagePort.performWorkUntilDeadline (http://localhost:3000/_next/static/chunks/0xn0_next_dist_compiled_0bc8sc2._.js:2647:64) @ http://localhost:3000/_next/static/chunks/0xn0_next_dist_0-rlh9~._.js:3318
[  144217ms] [ERROR] IntlError: MISSING_MESSAGE: Could not resolve `series.kkom-kkom.description` in messages for locale `ko`.
    at getFallbackFromErrorAndNotify (http://localhost:3000/_next/static/chunks/node_modules__pnpm_073u4m3._.js:1830:23)
    at translateBaseFn (http://localhost:3000/_next/static/chunks/node_modules__pnpm_073u4m3._.js:1860:28)
    at translateFn (http://localhost:3000/_next/static/chunks/node_modules__pnpm_073u4m3._.js:1888:24)
    at SeriesCard (http://localhost:3000/_next/static/chunks/_0gnusxm._.js?id=%255Bproject%255D%252Fcomponents%252Fseries%252Fseries-card.tsx+%255Bapp-client%255D+%2528ecmascript%2529:77:31)
    at Object.react_stack_bottom_frame (http://localhost:3000/_next/static/chunks/0xn0_next_dist_compiled_react-dom_0tq~lu8._.js:15037:24)
    at renderWithHooksAgain (http://localhost:3000/_next/static/chunks/0xn0_next_dist_compiled_react-dom_0tq~lu8._.js:4675:24)
    at renderWithHooks (http://localhost:3000/_next/static/chunks/0xn0_next_dist_compiled_react-dom_0tq~lu8._.js:4626:28)
    at updateFunctionComponent (http://localhost:3000/_next/static/chunks/0xn0_next_dist_compiled_react-dom_0tq~lu8._.js:6081:21)
    at beginWork (http://localhost:3000/_next/static/chunks/0xn0_next_dist_compiled_react-dom_0tq~lu8._.js:6691:24)
    at runWithFiberInDEV (http://localhost:3000/_next/static/chunks/0xn0_next_dist_compiled_react-dom_0tq~lu8._.js:965:74)
    at performUnitOfWork (http://localhost:3000/_next/static/chunks/0xn0_next_dist_compiled_react-dom_0tq~lu8._.js:9555:97)
    at workLoopConcurrentByScheduler (http://localhost:3000/_next/static/chunks/0xn0_next_dist_compiled_react-dom_0tq~lu8._.js:9551:58)
    at renderRootConcurrent (http://localhost:3000/_next/static/chunks/0xn0_next_dist_compiled_react-dom_0tq~lu8._.js:9534:71)
    at performWorkOnRoot (http://localhost:3000/_next/static/chunks/0xn0_next_dist_compiled_react-dom_0tq~lu8._.js:9061:150)
    at performWorkOnRootViaSchedulerTask (http://localhost:3000/_next/static/chunks/0xn0_next_dist_compiled_react-dom_0tq~lu8._.js:10255:9)
    at MessagePort.performWorkUntilDeadline (http://localhost:3000/_next/static/chunks/0xn0_next_dist_compiled_0bc8sc2._.js:2647:64) @ http://localhost:3000/_next/static/chunks/0xn0_next_dist_0-rlh9~._.js:3318
[  144217ms] [ERROR] IntlError: MISSING_MESSAGE: Could not resolve `series.gheuppay.name` in messages for locale `ko`.
    at getFallbackFromErrorAndNotify (http://localhost:3000/_next/static/chunks/node_modules__pnpm_073u4m3._.js:1830:23)
    at translateBaseFn (http://localhost:3000/_next/static/chunks/node_modules__pnpm_073u4m3._.js:1860:28)
    at translateFn (http://localhost:3000/_next/static/chunks/node_modules__pnpm_073u4m3._.js:1888:24)
    at SeriesCard (http://localhost:3000/_next/static/chunks/_0gnusxm._.js?id=%255Bproject%255D%252Fcomponents%252Fseries%252Fseries-card.tsx+%255Bapp-client%255D+%2528ecmascript%2529:24:18)
    at Object.react_stack_bottom_frame (http://localhost:3000/_next/static/chunks/0xn0_next_dist_compiled_react-dom_0tq~lu8._.js:15037:24)
    at renderWithHooks (http://localhost:3000/_next/static/chunks/0xn0_next_dist_compiled_react-dom_0tq~lu8._.js:4620:24)
    at updateFunctionComponent (http://localhost:3000/_next/static/chunks/0xn0_next_dist_compiled_react-dom_0tq~lu8._.js:6081:21)
    at beginWork (http://localhost:3000/_next/static/chunks/0xn0_next_dist_compiled_react-dom_0tq~lu8._.js:6691:24)
    at runWithFiberInDEV (http://localhost:3000/_next/static/chunks/0xn0_next_dist_compiled_react-dom_0tq~lu8._.js:965:74)
    at performUnitOfWork (http://localhost:3000/_next/static/chunks/0xn0_next_dist_compiled_react-dom_0tq~lu8._.js:9555:97)
    at workLoopConcurrentByScheduler (http://localhost:3000/_next/static/chunks/0xn0_next_dist_compiled_react-dom_0tq~lu8._.js:9551:58)
    at renderRootConcurrent (http://localhost:3000/_next/static/chunks/0xn0_next_dist_compiled_react-dom_0tq~lu8._.js:9534:71)
    at performWorkOnRoot (http://localhost:3000/_next/static/chunks/0xn0_next_dist_compiled_react-dom_0tq~lu8._.js:9061:150)
    at performWorkOnRootViaSchedulerTask (http://localhost:3000/_next/static/chunks/0xn0_next_dist_compiled_react-dom_0tq~lu8._.js:10255:9)
    at MessagePort.performWorkUntilDeadline (http://localhost:3000/_next/static/chunks/0xn0_next_dist_compiled_0bc8sc2._.js:2647:64) @ http://localhost:3000/_next/static/chunks/0xn0_next_dist_0-rlh9~._.js:3318
[  144217ms] [ERROR] IntlError: MISSING_MESSAGE: Could not resolve `series.postCount` in messages for locale `ko`.
    at getFallbackFromErrorAndNotify (http://localhost:3000/_next/static/chunks/node_modules__pnpm_073u4m3._.js:1830:23)
    at translateBaseFn (http://localhost:3000/_next/static/chunks/node_modules__pnpm_073u4m3._.js:1860:28)
    at translateFn (http://localhost:3000/_next/static/chunks/node_modules__pnpm_073u4m3._.js:1888:24)
    at SeriesCard (http://localhost:3000/_next/static/chunks/_0gnusxm._.js?id=%255Bproject%255D%252Fcomponents%252Fseries%252Fseries-card.tsx+%255Bapp-client%255D+%2528ecmascript%2529:53:39)
    at Object.react_stack_bottom_frame (http://localhost:3000/_next/static/chunks/0xn0_next_dist_compiled_react-dom_0tq~lu8._.js:15037:24)
    at renderWithHooks (http://localhost:3000/_next/static/chunks/0xn0_next_dist_compiled_react-dom_0tq~lu8._.js:4620:24)
    at updateFunctionComponent (http://localhost:3000/_next/static/chunks/0xn0_next_dist_compiled_react-dom_0tq~lu8._.js:6081:21)
    at beginWork (http://localhost:3000/_next/static/chunks/0xn0_next_dist_compiled_react-dom_0tq~lu8._.js:6691:24)
    at runWithFiberInDEV (http://localhost:3000/_next/static/chunks/0xn0_next_dist_compiled_react-dom_0tq~lu8._.js:965:74)
    at performUnitOfWork (http://localhost:3000/_next/static/chunks/0xn0_next_dist_compiled_react-dom_0tq~lu8._.js:9555:97)
    at workLoopConcurrentByScheduler (http://localhost:3000/_next/static/chunks/0xn0_next_dist_compiled_react-dom_0tq~lu8._.js:9551:58)
    at renderRootConcurrent (http://localhost:3000/_next/static/chunks/0xn0_next_dist_compiled_react-dom_0tq~lu8._.js:9534:71)
    at performWorkOnRoot (http://localhost:3000/_next/static/chunks/0xn0_next_dist_compiled_react-dom_0tq~lu8._.js:9061:150)
    at performWorkOnRootViaSchedulerTask (http://localhost:3000/_next/static/chunks/0xn0_next_dist_compiled_react-dom_0tq~lu8._.js:10255:9)
    at MessagePort.performWorkUntilDeadline (http://localhost:3000/_next/static/chunks/0xn0_next_dist_compiled_0bc8sc2._.js:2647:64) @ http://localhost:3000/_next/static/chunks/0xn0_next_dist_0-rlh9~._.js:3318
[  144218ms] [ERROR] IntlError: MISSING_MESSAGE: Could not resolve `series.gheuppay.description` in messages for locale `ko`.
    at getFallbackFromErrorAndNotify (http://localhost:3000/_next/static/chunks/node_modules__pnpm_073u4m3._.js:1830:23)
    at translateBaseFn (http://localhost:3000/_next/static/chunks/node_modules__pnpm_073u4m3._.js:1860:28)
    at translateFn (http://localhost:3000/_next/static/chunks/node_modules__pnpm_073u4m3._.js:1888:24)
    at SeriesCard (http://localhost:3000/_next/static/chunks/_0gnusxm._.js?id=%255Bproject%255D%252Fcomponents%252Fseries%252Fseries-card.tsx+%255Bapp-client%255D+%2528ecmascript%2529:77:31)
    at Object.react_stack_bottom_frame (http://localhost:3000/_next/static/chunks/0xn0_next_dist_compiled_react-dom_0tq~lu8._.js:15037:24)
    at renderWithHooks (http://localhost:3000/_next/static/chunks/0xn0_next_dist_compiled_react-dom_0tq~lu8._.js:4620:24)
    at updateFunctionComponent (http://localhost:3000/_next/static/chunks/0xn0_next_dist_compiled_react-dom_0tq~lu8._.js:6081:21)
    at beginWork (http://localhost:3000/_next/static/chunks/0xn0_next_dist_compiled_react-dom_0tq~lu8._.js:6691:24)
    at runWithFiberInDEV (http://localhost:3000/_next/static/chunks/0xn0_next_dist_compiled_react-dom_0tq~lu8._.js:965:74)
    at performUnitOfWork (http://localhost:3000/_next/static/chunks/0xn0_next_dist_compiled_react-dom_0tq~lu8._.js:9555:97)
    at workLoopConcurrentByScheduler (http://localhost:3000/_next/static/chunks/0xn0_next_dist_compiled_react-dom_0tq~lu8._.js:9551:58)
    at renderRootConcurrent (http://localhost:3000/_next/static/chunks/0xn0_next_dist_compiled_react-dom_0tq~lu8._.js:9534:71)
    at performWorkOnRoot (http://localhost:3000/_next/static/chunks/0xn0_next_dist_compiled_react-dom_0tq~lu8._.js:9061:150)
    at performWorkOnRootViaSchedulerTask (http://localhost:3000/_next/static/chunks/0xn0_next_dist_compiled_react-dom_0tq~lu8._.js:10255:9)
    at MessagePort.performWorkUntilDeadline (http://localhost:3000/_next/static/chunks/0xn0_next_dist_compiled_0bc8sc2._.js:2647:64) @ http://localhost:3000/_next/static/chunks/0xn0_next_dist_0-rlh9~._.js:3318
[  144218ms] [ERROR] IntlError: MISSING_MESSAGE: Could not resolve `series.gheuppay.name` in messages for locale `ko`.
    at getFallbackFromErrorAndNotify (http://localhost:3000/_next/static/chunks/node_modules__pnpm_073u4m3._.js:1830:23)
    at translateBaseFn (http://localhost:3000/_next/static/chunks/node_modules__pnpm_073u4m3._.js:1860:28)
    at translateFn (http://localhost:3000/_next/static/chunks/node_modules__pnpm_073u4m3._.js:1888:24)
    at SeriesCard (http://localhost:3000/_next/static/chunks/_0gnusxm._.js?id=%255Bproject%255D%252Fcomponents%252Fseries%252Fseries-card.tsx+%255Bapp-client%255D+%2528ecmascript%2529:24:18)
    at Object.react_stack_bottom_frame (http://localhost:3000/_next/static/chunks/0xn0_next_dist_compiled_react-dom_0tq~lu8._.js:15037:24)
    at renderWithHooksAgain (http://localhost:3000/_next/static/chunks/0xn0_next_dist_compiled_react-dom_0tq~lu8._.js:4675:24)
    at renderWithHooks (http://localhost:3000/_next/static/chunks/0xn0_next_dist_compiled_react-dom_0tq~lu8._.js:4626:28)
    at updateFunctionComponent (http://localhost:3000/_next/static/chunks/0xn0_next_dist_compiled_react-dom_0tq~lu8._.js:6081:21)
    at beginWork (http://localhost:3000/_next/static/chunks/0xn0_next_dist_compiled_react-dom_0tq~lu8._.js:6691:24)
    at runWithFiberInDEV (http://localhost:3000/_next/static/chunks/0xn0_next_dist_compiled_react-dom_0tq~lu8._.js:965:74)
    at performUnitOfWork (http://localhost:3000/_next/static/chunks/0xn0_next_dist_compiled_react-dom_0tq~lu8._.js:9555:97)
    at workLoopConcurrentByScheduler (http://localhost:3000/_next/static/chunks/0xn0_next_dist_compiled_react-dom_0tq~lu8._.js:9551:58)
    at renderRootConcurrent (http://localhost:3000/_next/static/chunks/0xn0_next_dist_compiled_react-dom_0tq~lu8._.js:9534:71)
    at performWorkOnRoot (http://localhost:3000/_next/static/chunks/0xn0_next_dist_compiled_react-dom_0tq~lu8._.js:9061:150)
    at performWorkOnRootViaSchedulerTask (http://localhost:3000/_next/static/chunks/0xn0_next_dist_compiled_react-dom_0tq~lu8._.js:10255:9)
    at MessagePort.performWorkUntilDeadline (http://localhost:3000/_next/static/chunks/0xn0_next_dist_compiled_0bc8sc2._.js:2647:64) @ http://localhost:3000/_next/static/chunks/0xn0_next_dist_0-rlh9~._.js:3318
[  144218ms] [ERROR] IntlError: MISSING_MESSAGE: Could not resolve `series.postCount` in messages for locale `ko`.
    at getFallbackFromErrorAndNotify (http://localhost:3000/_next/static/chunks/node_modules__pnpm_073u4m3._.js:1830:23)
    at translateBaseFn (http://localhost:3000/_next/static/chunks/node_modules__pnpm_073u4m3._.js:1860:28)
    at translateFn (http://localhost:3000/_next/static/chunks/node_modules__pnpm_073u4m3._.js:1888:24)
    at SeriesCard (http://localhost:3000/_next/static/chunks/_0gnusxm._.js?id=%255Bproject%255D%252Fcomponents%252Fseries%252Fseries-card.tsx+%255Bapp-client%255D+%2528ecmascript%2529:53:39)
    at Object.react_stack_bottom_frame (http://localhost:3000/_next/static/chunks/0xn0_next_dist_compiled_react-dom_0tq~lu8._.js:15037:24)
    at renderWithHooksAgain (http://localhost:3000/_next/static/chunks/0xn0_next_dist_compiled_react-dom_0tq~lu8._.js:4675:24)
    at renderWithHooks (http://localhost:3000/_next/static/chunks/0xn0_next_dist_compiled_react-dom_0tq~lu8._.js:4626:28)
    at updateFunctionComponent (http://localhost:3000/_next/static/chunks/0xn0_next_dist_compiled_react-dom_0tq~lu8._.js:6081:21)
    at beginWork (http://localhost:3000/_next/static/chunks/0xn0_next_dist_compiled_react-dom_0tq~lu8._.js:6691:24)
    at runWithFiberInDEV (http://localhost:3000/_next/static/chunks/0xn0_next_dist_compiled_react-dom_0tq~lu8._.js:965:74)
    at performUnitOfWork (http://localhost:3000/_next/static/chunks/0xn0_next_dist_compiled_react-dom_0tq~lu8._.js:9555:97)
    at workLoopConcurrentByScheduler (http://localhost:3000/_next/static/chunks/0xn0_next_dist_compiled_react-dom_0tq~lu8._.js:9551:58)
    at renderRootConcurrent (http://localhost:3000/_next/static/chunks/0xn0_next_dist_compiled_react-dom_0tq~lu8._.js:9534:71)
    at performWorkOnRoot (http://localhost:3000/_next/static/chunks/0xn0_next_dist_compiled_react-dom_0tq~lu8._.js:9061:150)
    at performWorkOnRootViaSchedulerTask (http://localhost:3000/_next/static/chunks/0xn0_next_dist_compiled_react-dom_0tq~lu8._.js:10255:9)
    at MessagePort.performWorkUntilDeadline (http://localhost:3000/_next/static/chunks/0xn0_next_dist_compiled_0bc8sc2._.js:2647:64) @ http://localhost:3000/_next/static/chunks/0xn0_next_dist_0-rlh9~._.js:3318
[  144218ms] [ERROR] IntlError: MISSING_MESSAGE: Could not resolve `series.gheuppay.description` in messages for locale `ko`.
    at getFallbackFromErrorAndNotify (http://localhost:3000/_next/static/chunks/node_modules__pnpm_073u4m3._.js:1830:23)
    at translateBaseFn (http://localhost:3000/_next/static/chunks/node_modules__pnpm_073u4m3._.js:1860:28)
    at translateFn (http://localhost:3000/_next/static/chunks/node_modules__pnpm_073u4m3._.js:1888:24)
    at SeriesCard (http://localhost:3000/_next/static/chunks/_0gnusxm._.js?id=%255Bproject%255D%252Fcomponents%252Fseries%252Fseries-card.tsx+%255Bapp-client%255D+%2528ecmascript%2529:77:31)
    at Object.react_stack_bottom_frame (http://localhost:3000/_next/static/chunks/0xn0_next_dist_compiled_react-dom_0tq~lu8._.js:15037:24)
    at renderWithHooksAgain (http://localhost:3000/_next/static/chunks/0xn0_next_dist_compiled_react-dom_0tq~lu8._.js:4675:24)
    at renderWithHooks (http://localhost:3000/_next/static/chunks/0xn0_next_dist_compiled_react-dom_0tq~lu8._.js:4626:28)
    at updateFunctionComponent (http://localhost:3000/_next/static/chunks/0xn0_next_dist_compiled_react-dom_0tq~lu8._.js:6081:21)
    at beginWork (http://localhost:3000/_next/static/chunks/0xn0_next_dist_compiled_react-dom_0tq~lu8._.js:6691:24)
    at runWithFiberInDEV (http://localhost:3000/_next/static/chunks/0xn0_next_dist_compiled_react-dom_0tq~lu8._.js:965:74)
    at performUnitOfWork (http://localhost:3000/_next/static/chunks/0xn0_next_dist_compiled_react-dom_0tq~lu8._.js:9555:97)
    at workLoopConcurrentByScheduler (http://localhost:3000/_next/static/chunks/0xn0_next_dist_compiled_react-dom_0tq~lu8._.js:9551:58)
    at renderRootConcurrent (http://localhost:3000/_next/static/chunks/0xn0_next_dist_compiled_react-dom_0tq~lu8._.js:9534:71)
    at performWorkOnRoot (http://localhost:3000/_next/static/chunks/0xn0_next_dist_compiled_react-dom_0tq~lu8._.js:9061:150)
    at performWorkOnRootViaSchedulerTask (http://localhost:3000/_next/static/chunks/0xn0_next_dist_compiled_react-dom_0tq~lu8._.js:10255:9)
    at MessagePort.performWorkUntilDeadline (http://localhost:3000/_next/static/chunks/0xn0_next_dist_compiled_0bc8sc2._.js:2647:64) @ http://localhost:3000/_next/static/chunks/0xn0_next_dist_0-rlh9~._.js:3318
[  144219ms] [ERROR] IntlError: MISSING_MESSAGE: Could not resolve `series.fandomk.name` in messages for locale `ko`.
    at getFallbackFromErrorAndNotify (http://localhost:3000/_next/static/chunks/node_modules__pnpm_073u4m3._.js:1830:23)
    at translateBaseFn (http://localhost:3000/_next/static/chunks/node_modules__pnpm_073u4m3._.js:1860:28)
    at translateFn (http://localhost:3000/_next/static/chunks/node_modules__pnpm_073u4m3._.js:1888:24)
    at SeriesCard (http://localhost:3000/_next/static/chunks/_0gnusxm._.js?id=%255Bproject%255D%252Fcomponents%252Fseries%252Fseries-card.tsx+%255Bapp-client%255D+%2528ecmascript%2529:24:18)
    at Object.react_stack_bottom_frame (http://localhost:3000/_next/static/chunks/0xn0_next_dist_compiled_react-dom_0tq~lu8._.js:15037:24)
    at renderWithHooks (http://localhost:3000/_next/static/chunks/0xn0_next_dist_compiled_react-dom_0tq~lu8._.js:4620:24)
    at updateFunctionComponent (http://localhost:3000/_next/static/chunks/0xn0_next_dist_compiled_react-dom_0tq~lu8._.js:6081:21)
    at beginWork (http://localhost:3000/_next/static/chunks/0xn0_next_dist_compiled_react-dom_0tq~lu8._.js:6691:24)
    at runWithFiberInDEV (http://localhost:3000/_next/static/chunks/0xn0_next_dist_compiled_react-dom_0tq~lu8._.js:965:74)
    at performUnitOfWork (http://localhost:3000/_next/static/chunks/0xn0_next_dist_compiled_react-dom_0tq~lu8._.js:9555:97)
    at workLoopConcurrentByScheduler (http://localhost:3000/_next/static/chunks/0xn0_next_dist_compiled_react-dom_0tq~lu8._.js:9551:58)
    at renderRootConcurrent (http://localhost:3000/_next/static/chunks/0xn0_next_dist_compiled_react-dom_0tq~lu8._.js:9534:71)
    at performWorkOnRoot (http://localhost:3000/_next/static/chunks/0xn0_next_dist_compiled_react-dom_0tq~lu8._.js:9061:150)
    at performWorkOnRootViaSchedulerTask (http://localhost:3000/_next/static/chunks/0xn0_next_dist_compiled_react-dom_0tq~lu8._.js:10255:9)
    at MessagePort.performWorkUntilDeadline (http://localhost:3000/_next/static/chunks/0xn0_next_dist_compiled_0bc8sc2._.js:2647:64) @ http://localhost:3000/_next/static/chunks/0xn0_next_dist_0-rlh9~._.js:3318
[  144219ms] [ERROR] IntlError: MISSING_MESSAGE: Could not resolve `series.postCount` in messages for locale `ko`.
    at getFallbackFromErrorAndNotify (http://localhost:3000/_next/static/chunks/node_modules__pnpm_073u4m3._.js:1830:23)
    at translateBaseFn (http://localhost:3000/_next/static/chunks/node_modules__pnpm_073u4m3._.js:1860:28)
    at translateFn (http://localhost:3000/_next/static/chunks/node_modules__pnpm_073u4m3._.js:1888:24)
    at SeriesCard (http://localhost:3000/_next/static/chunks/_0gnusxm._.js?id=%255Bproject%255D%252Fcomponents%252Fseries%252Fseries-card.tsx+%255Bapp-client%255D+%2528ecmascript%2529:53:39)
    at Object.react_stack_bottom_frame (http://localhost:3000/_next/static/chunks/0xn0_next_dist_compiled_react-dom_0tq~lu8._.js:15037:24)
    at renderWithHooks (http://localhost:3000/_next/static/chunks/0xn0_next_dist_compiled_react-dom_0tq~lu8._.js:4620:24)
    at updateFunctionComponent (http://localhost:3000/_next/static/chunks/0xn0_next_dist_compiled_react-dom_0tq~lu8._.js:6081:21)
    at beginWork (http://localhost:3000/_next/static/chunks/0xn0_next_dist_compiled_react-dom_0tq~lu8._.js:6691:24)
    at runWithFiberInDEV (http://localhost:3000/_next/static/chunks/0xn0_next_dist_compiled_react-dom_0tq~lu8._.js:965:74)
    at performUnitOfWork (http://localhost:3000/_next/static/chunks/0xn0_next_dist_compiled_react-dom_0tq~lu8._.js:9555:97)
    at workLoopConcurrentByScheduler (http://localhost:3000/_next/static/chunks/0xn0_next_dist_compiled_react-dom_0tq~lu8._.js:9551:58)
    at renderRootConcurrent (http://localhost:3000/_next/static/chunks/0xn0_next_dist_compiled_react-dom_0tq~lu8._.js:9534:71)
    at performWorkOnRoot (http://localhost:3000/_next/static/chunks/0xn0_next_dist_compiled_react-dom_0tq~lu8._.js:9061:150)
    at performWorkOnRootViaSchedulerTask (http://localhost:3000/_next/static/chunks/0xn0_next_dist_compiled_react-dom_0tq~lu8._.js:10255:9)
    at MessagePort.performWorkUntilDeadline (http://localhost:3000/_next/static/chunks/0xn0_next_dist_compiled_0bc8sc2._.js:2647:64) @ http://localhost:3000/_next/static/chunks/0xn0_next_dist_0-rlh9~._.js:3318
[  144219ms] [ERROR] IntlError: MISSING_MESSAGE: Could not resolve `series.fandomk.description` in messages for locale `ko`.
    at getFallbackFromErrorAndNotify (http://localhost:3000/_next/static/chunks/node_modules__pnpm_073u4m3._.js:1830:23)
    at translateBaseFn (http://localhost:3000/_next/static/chunks/node_modules__pnpm_073u4m3._.js:1860:28)
    at translateFn (http://localhost:3000/_next/static/chunks/node_modules__pnpm_073u4m3._.js:1888:24)
    at SeriesCard (http://localhost:3000/_next/static/chunks/_0gnusxm._.js?id=%255Bproject%255D%252Fcomponents%252Fseries%252Fseries-card.tsx+%255Bapp-client%255D+%2528ecmascript%2529:77:31)
    at Object.react_stack_bottom_frame (http://localhost:3000/_next/static/chunks/0xn0_next_dist_compiled_react-dom_0tq~lu8._.js:15037:24)
    at renderWithHooks (http://localhost:3000/_next/static/chunks/0xn0_next_dist_compiled_react-dom_0tq~lu8._.js:4620:24)
    at updateFunctionComponent (http://localhost:3000/_next/static/chunks/0xn0_next_dist_compiled_react-dom_0tq~lu8._.js:6081:21)
    at beginWork (http://localhost:3000/_next/static/chunks/0xn0_next_dist_compiled_react-dom_0tq~lu8._.js:6691:24)
    at runWithFiberInDEV (http://localhost:3000/_next/static/chunks/0xn0_next_dist_compiled_react-dom_0tq~lu8._.js:965:74)
    at performUnitOfWork (http://localhost:3000/_next/static/chunks/0xn0_next_dist_compiled_react-dom_0tq~lu8._.js:9555:97)
    at workLoopConcurrentByScheduler (http://localhost:3000/_next/static/chunks/0xn0_next_dist_compiled_react-dom_0tq~lu8._.js:9551:58)
    at renderRootConcurrent (http://localhost:3000/_next/static/chunks/0xn0_next_dist_compiled_react-dom_0tq~lu8._.js:9534:71)
    at performWorkOnRoot (http://localhost:3000/_next/static/chunks/0xn0_next_dist_compiled_react-dom_0tq~lu8._.js:9061:150)
    at performWorkOnRootViaSchedulerTask (http://localhost:3000/_next/static/chunks/0xn0_next_dist_compiled_react-dom_0tq~lu8._.js:10255:9)
    at MessagePort.performWorkUntilDeadline (http://localhost:3000/_next/static/chunks/0xn0_next_dist_compiled_0bc8sc2._.js:2647:64) @ http://localhost:3000/_next/static/chunks/0xn0_next_dist_0-rlh9~._.js:3318
[  144220ms] [ERROR] IntlError: MISSING_MESSAGE: Could not resolve `series.fandomk.name` in messages for locale `ko`.
    at getFallbackFromErrorAndNotify (http://localhost:3000/_next/static/chunks/node_modules__pnpm_073u4m3._.js:1830:23)
    at translateBaseFn (http://localhost:3000/_next/static/chunks/node_modules__pnpm_073u4m3._.js:1860:28)
    at translateFn (http://localhost:3000/_next/static/chunks/node_modules__pnpm_073u4m3._.js:1888:24)
    at SeriesCard (http://localhost:3000/_next/static/chunks/_0gnusxm._.js?id=%255Bproject%255D%252Fcomponents%252Fseries%252Fseries-card.tsx+%255Bapp-client%255D+%2528ecmascript%2529:24:18)
    at Object.react_stack_bottom_frame (http://localhost:3000/_next/static/chunks/0xn0_next_dist_compiled_react-dom_0tq~lu8._.js:15037:24)
    at renderWithHooksAgain (http://localhost:3000/_next/static/chunks/0xn0_next_dist_compiled_react-dom_0tq~lu8._.js:4675:24)
    at renderWithHooks (http://localhost:3000/_next/static/chunks/0xn0_next_dist_compiled_react-dom_0tq~lu8._.js:4626:28)
    at updateFunctionComponent (http://localhost:3000/_next/static/chunks/0xn0_next_dist_compiled_react-dom_0tq~lu8._.js:6081:21)
    at beginWork (http://localhost:3000/_next/static/chunks/0xn0_next_dist_compiled_react-dom_0tq~lu8._.js:6691:24)
    at runWithFiberInDEV (http://localhost:3000/_next/static/chunks/0xn0_next_dist_compiled_react-dom_0tq~lu8._.js:965:74)
    at performUnitOfWork (http://localhost:3000/_next/static/chunks/0xn0_next_dist_compiled_react-dom_0tq~lu8._.js:9555:97)
    at workLoopConcurrentByScheduler (http://localhost:3000/_next/static/chunks/0xn0_next_dist_compiled_react-dom_0tq~lu8._.js:9551:58)
    at renderRootConcurrent (http://localhost:3000/_next/static/chunks/0xn0_next_dist_compiled_react-dom_0tq~lu8._.js:9534:71)
    at performWorkOnRoot (http://localhost:3000/_next/static/chunks/0xn0_next_dist_compiled_react-dom_0tq~lu8._.js:9061:150)
    at performWorkOnRootViaSchedulerTask (http://localhost:3000/_next/static/chunks/0xn0_next_dist_compiled_react-dom_0tq~lu8._.js:10255:9)
    at MessagePort.performWorkUntilDeadline (http://localhost:3000/_next/static/chunks/0xn0_next_dist_compiled_0bc8sc2._.js:2647:64) @ http://localhost:3000/_next/static/chunks/0xn0_next_dist_0-rlh9~._.js:3318
[  144220ms] [ERROR] IntlError: MISSING_MESSAGE: Could not resolve `series.postCount` in messages for locale `ko`.
    at getFallbackFromErrorAndNotify (http://localhost:3000/_next/static/chunks/node_modules__pnpm_073u4m3._.js:1830:23)
    at translateBaseFn (http://localhost:3000/_next/static/chunks/node_modules__pnpm_073u4m3._.js:1860:28)
    at translateFn (http://localhost:3000/_next/static/chunks/node_modules__pnpm_073u4m3._.js:1888:24)
    at SeriesCard (http://localhost:3000/_next/static/chunks/_0gnusxm._.js?id=%255Bproject%255D%252Fcomponents%252Fseries%252Fseries-card.tsx+%255Bapp-client%255D+%2528ecmascript%2529:53:39)
    at Object.react_stack_bottom_frame (http://localhost:3000/_next/static/chunks/0xn0_next_dist_compiled_react-dom_0tq~lu8._.js:15037:24)
    at renderWithHooksAgain (http://localhost:3000/_next/static/chunks/0xn0_next_dist_compiled_react-dom_0tq~lu8._.js:4675:24)
    at renderWithHooks (http://localhost:3000/_next/static/chunks/0xn0_next_dist_compiled_react-dom_0tq~lu8._.js:4626:28)
    at updateFunctionComponent (http://localhost:3000/_next/static/chunks/0xn0_next_dist_compiled_react-dom_0tq~lu8._.js:6081:21)
    at beginWork (http://localhost:3000/_next/static/chunks/0xn0_next_dist_compiled_react-dom_0tq~lu8._.js:6691:24)
    at runWithFiberInDEV (http://localhost:3000/_next/static/chunks/0xn0_next_dist_compiled_react-dom_0tq~lu8._.js:965:74)
    at performUnitOfWork (http://localhost:3000/_next/static/chunks/0xn0_next_dist_compiled_react-dom_0tq~lu8._.js:9555:97)
    at workLoopConcurrentByScheduler (http://localhost:3000/_next/static/chunks/0xn0_next_dist_compiled_react-dom_0tq~lu8._.js:9551:58)
    at renderRootConcurrent (http://localhost:3000/_next/static/chunks/0xn0_next_dist_compiled_react-dom_0tq~lu8._.js:9534:71)
    at performWorkOnRoot (http://localhost:3000/_next/static/chunks/0xn0_next_dist_compiled_react-dom_0tq~lu8._.js:9061:150)
    at performWorkOnRootViaSchedulerTask (http://localhost:3000/_next/static/chunks/0xn0_next_dist_compiled_react-dom_0tq~lu8._.js:10255:9)
    at MessagePort.performWorkUntilDeadline (http://localhost:3000/_next/static/chunks/0xn0_next_dist_compiled_0bc8sc2._.js:2647:64) @ http://localhost:3000/_next/static/chunks/0xn0_next_dist_0-rlh9~._.js:3318
[  144220ms] [ERROR] IntlError: MISSING_MESSAGE: Could not resolve `series.fandomk.description` in messages for locale `ko`.
    at getFallbackFromErrorAndNotify (http://localhost:3000/_next/static/chunks/node_modules__pnpm_073u4m3._.js:1830:23)
    at translateBaseFn (http://localhost:3000/_next/static/chunks/node_modules__pnpm_073u4m3._.js:1860:28)
    at translateFn (http://localhost:3000/_next/static/chunks/node_modules__pnpm_073u4m3._.js:1888:24)
    at SeriesCard (http://localhost:3000/_next/static/chunks/_0gnusxm._.js?id=%255Bproject%255D%252Fcomponents%252Fseries%252Fseries-card.tsx+%255Bapp-client%255D+%2528ecmascript%2529:77:31)
    at Object.react_stack_bottom_frame (http://localhost:3000/_next/static/chunks/0xn0_next_dist_compiled_react-dom_0tq~lu8._.js:15037:24)
    at renderWithHooksAgain (http://localhost:3000/_next/static/chunks/0xn0_next_dist_compiled_react-dom_0tq~lu8._.js:4675:24)
    at renderWithHooks (http://localhost:3000/_next/static/chunks/0xn0_next_dist_compiled_react-dom_0tq~lu8._.js:4626:28)
    at updateFunctionComponent (http://localhost:3000/_next/static/chunks/0xn0_next_dist_compiled_react-dom_0tq~lu8._.js:6081:21)
    at beginWork (http://localhost:3000/_next/static/chunks/0xn0_next_dist_compiled_react-dom_0tq~lu8._.js:6691:24)
    at runWithFiberInDEV (http://localhost:3000/_next/static/chunks/0xn0_next_dist_compiled_react-dom_0tq~lu8._.js:965:74)
    at performUnitOfWork (http://localhost:3000/_next/static/chunks/0xn0_next_dist_compiled_react-dom_0tq~lu8._.js:9555:97)
    at workLoopConcurrentByScheduler (http://localhost:3000/_next/static/chunks/0xn0_next_dist_compiled_react-dom_0tq~lu8._.js:9551:58)
    at renderRootConcurrent (http://localhost:3000/_next/static/chunks/0xn0_next_dist_compiled_react-dom_0tq~lu8._.js:9534:71)
    at performWorkOnRoot (http://localhost:3000/_next/static/chunks/0xn0_next_dist_compiled_react-dom_0tq~lu8._.js:9061:150)
    at performWorkOnRootViaSchedulerTask (http://localhost:3000/_next/static/chunks/0xn0_next_dist_compiled_react-dom_0tq~lu8._.js:10255:9)
    at MessagePort.performWorkUntilDeadline (http://localhost:3000/_next/static/chunks/0xn0_next_dist_compiled_0bc8sc2._.js:2647:64) @ http://localhost:3000/_next/static/chunks/0xn0_next_dist_0-rlh9~._.js:3318
[  153279ms] [LOG] [Fast Refresh] rebuilding @ http://localhost:3000/_next/static/chunks/0xn0_next_dist_0-rlh9~._.js:2477
[  153572ms] [LOG] [Fast Refresh] done in 63ms @ http://localhost:3000/_next/static/chunks/0xn0_next_dist_0-rlh9~._.js:2477
[  155228ms] [ERROR] IntlError: MISSING_MESSAGE: Could not resolve `series` in messages for locale `ko`.
    at getMessagesOrError (http://localhost:3000/_next/static/chunks/node_modules__pnpm_073u4m3._.js:1816:27)
    at createBaseTranslator (http://localhost:3000/_next/static/chunks/node_modules__pnpm_073u4m3._.js:1821:29)
    at useTranslationsImpl.useMemo[translate] (http://localhost:3000/_next/static/chunks/node_modules__pnpm_073u4m3._.js:2342:332)
    at mountMemo (http://localhost:3000/_next/static/chunks/0xn0_next_dist_compiled_react-dom_0tq~lu8._.js:5393:25)
    at Object.useMemo (http://localhost:3000/_next/static/chunks/0xn0_next_dist_compiled_react-dom_0tq~lu8._.js:15213:24)
    at exports.useMemo (http://localhost:3000/_next/static/chunks/0xn0_next_dist_compiled_0bc8sc2._.js:1742:36)
    at useTranslationsImpl (http://localhost:3000/_next/static/chunks/node_modules__pnpm_073u4m3._.js:2341:357)
    at useTranslations (http://localhost:3000/_next/static/chunks/node_modules__pnpm_073u4m3._.js:2380:12)
    at http://localhost:3000/_next/static/chunks/node_modules__pnpm_073u4m3._.js:5715:20
    at SeriesSection (http://localhost:3000/_next/static/chunks/_0gnusxm._.js?id=%255Bproject%255D%252Fcomponents%252Fseries%252Fseries-section.tsx+%255Bapp-client%255D+%2528ecmascript%2529:18:437)
    at Object.react_stack_bottom_frame (http://localhost:3000/_next/static/chunks/0xn0_next_dist_compiled_react-dom_0tq~lu8._.js:15037:24)
    at renderWithHooks (http://localhost:3000/_next/static/chunks/0xn0_next_dist_compiled_react-dom_0tq~lu8._.js:4620:24)
    at updateFunctionComponent (http://localhost:3000/_next/static/chunks/0xn0_next_dist_compiled_react-dom_0tq~lu8._.js:6081:21)
    at beginWork (http://localhost:3000/_next/static/chunks/0xn0_next_dist_compiled_react-dom_0tq~lu8._.js:6691:24)
    at runWithFiberInDEV (http://localhost:3000/_next/static/chunks/0xn0_next_dist_compiled_react-dom_0tq~lu8._.js:965:74)
    at performUnitOfWork (http://localhost:3000/_next/static/chunks/0xn0_next_dist_compiled_react-dom_0tq~lu8._.js:9555:97)
    at workLoopSync (http://localhost:3000/_next/static/chunks/0xn0_next_dist_compiled_react-dom_0tq~lu8._.js:9449:40)
    at renderRootSync (http://localhost:3000/_next/static/chunks/0xn0_next_dist_compiled_react-dom_0tq~lu8._.js:9433:13)
    at performWorkOnRoot (http://localhost:3000/_next/static/chunks/0xn0_next_dist_compiled_react-dom_0tq~lu8._.js:9061:186)
    at performSyncWorkOnRoot (http://localhost:3000/_next/static/chunks/0xn0_next_dist_compiled_react-dom_0tq~lu8._.js:10263:9)
    at flushSyncWorkAcrossRoots_impl (http://localhost:3000/_next/static/chunks/0xn0_next_dist_compiled_react-dom_0tq~lu8._.js:10179:316)
    at flushSyncWork$1 (http://localhost:3000/_next/static/chunks/0xn0_next_dist_compiled_react-dom_0tq~lu8._.js:9230:86)
    at Object.scheduleRefresh (http://localhost:3000/_next/static/chunks/0xn0_next_dist_compiled_react-dom_0tq~lu8._.js:299:13)
    at http://localhost:3000/_next/static/chunks/0xn0_next_dist_compiled_0bc8sc2._.js:391:33
    at Set.forEach (<anonymous>)
    at Object.performReactRefresh (http://localhost:3000/_next/static/chunks/0xn0_next_dist_compiled_0bc8sc2._.js:384:38)
    at applyUpdate (http://localhost:3000/_next/static/chunks/0xn0_next_dist_compiled_0bc8sc2._.js:878:31)
    at http://localhost:3000/_next/static/chunks/0xn0_next_dist_compiled_0bc8sc2._.js:886:13 @ http://localhost:3000/_next/static/chunks/0xn0_next_dist_0-rlh9~._.js:3318
[  155228ms] [ERROR] IntlError: MISSING_MESSAGE: Could not resolve `series` in messages for locale `ko`.
    at getMessagesOrError (http://localhost:3000/_next/static/chunks/node_modules__pnpm_073u4m3._.js:1816:27)
    at createBaseTranslator (http://localhost:3000/_next/static/chunks/node_modules__pnpm_073u4m3._.js:1821:29)
    at useTranslationsImpl.useMemo[translate] (http://localhost:3000/_next/static/chunks/node_modules__pnpm_073u4m3._.js:2342:332)
    at mountMemo (http://localhost:3000/_next/static/chunks/0xn0_next_dist_compiled_react-dom_0tq~lu8._.js:5393:25)
    at Object.useMemo (http://localhost:3000/_next/static/chunks/0xn0_next_dist_compiled_react-dom_0tq~lu8._.js:15213:24)
    at exports.useMemo (http://localhost:3000/_next/static/chunks/0xn0_next_dist_compiled_0bc8sc2._.js:1742:36)
    at useTranslationsImpl (http://localhost:3000/_next/static/chunks/node_modules__pnpm_073u4m3._.js:2341:357)
    at useTranslations (http://localhost:3000/_next/static/chunks/node_modules__pnpm_073u4m3._.js:2380:12)
    at http://localhost:3000/_next/static/chunks/node_modules__pnpm_073u4m3._.js:5715:20
    at SeriesSection (http://localhost:3000/_next/static/chunks/_0gnusxm._.js?id=%255Bproject%255D%252Fcomponents%252Fseries%252Fseries-section.tsx+%255Bapp-client%255D+%2528ecmascript%2529:18:437)
    at Object.react_stack_bottom_frame (http://localhost:3000/_next/static/chunks/0xn0_next_dist_compiled_react-dom_0tq~lu8._.js:15037:24)
    at renderWithHooks (http://localhost:3000/_next/static/chunks/0xn0_next_dist_compiled_react-dom_0tq~lu8._.js:4620:24)
    at updateFunctionComponent (http://localhost:3000/_next/static/chunks/0xn0_next_dist_compiled_react-dom_0tq~lu8._.js:6081:21)
    at beginWork (http://localhost:3000/_next/static/chunks/0xn0_next_dist_compiled_react-dom_0tq~lu8._.js:6691:24)
    at runWithFiberInDEV (http://localhost:3000/_next/static/chunks/0xn0_next_dist_compiled_react-dom_0tq~lu8._.js:965:74)
    at performUnitOfWork (http://localhost:3000/_next/static/chunks/0xn0_next_dist_compiled_react-dom_0tq~lu8._.js:9555:97)
    at workLoopSync (http://localhost:3000/_next/static/chunks/0xn0_next_dist_compiled_react-dom_0tq~lu8._.js:9449:40)
    at renderRootSync (http://localhost:3000/_next/static/chunks/0xn0_next_dist_compiled_react-dom_0tq~lu8._.js:9433:13)
    at performWorkOnRoot (http://localhost:3000/_next/static/chunks/0xn0_next_dist_compiled_react-dom_0tq~lu8._.js:9061:186)
    at performSyncWorkOnRoot (http://localhost:3000/_next/static/chunks/0xn0_next_dist_compiled_react-dom_0tq~lu8._.js:10263:9)
    at flushSyncWorkAcrossRoots_impl (http://localhost:3000/_next/static/chunks/0xn0_next_dist_compiled_react-dom_0tq~lu8._.js:10179:316)
    at flushSyncWork$1 (http://localhost:3000/_next/static/chunks/0xn0_next_dist_compiled_react-dom_0tq~lu8._.js:9230:86)
    at Object.scheduleRefresh (http://localhost:3000/_next/static/chunks/0xn0_next_dist_compiled_react-dom_0tq~lu8._.js:299:13)
    at http://localhost:3000/_next/static/chunks/0xn0_next_dist_compiled_0bc8sc2._.js:391:33
    at Set.forEach (<anonymous>)
    at Object.performReactRefresh (http://localhost:3000/_next/static/chunks/0xn0_next_dist_compiled_0bc8sc2._.js:384:38)
    at applyUpdate (http://localhost:3000/_next/static/chunks/0xn0_next_dist_compiled_0bc8sc2._.js:878:31)
    at http://localhost:3000/_next/static/chunks/0xn0_next_dist_compiled_0bc8sc2._.js:886:13 @ http://localhost:3000/_next/static/chunks/0xn0_next_dist_0-rlh9~._.js:3318
[  155228ms] [ERROR] IntlError: MISSING_MESSAGE: Could not resolve `series` in messages for locale `ko`.
    at getMessagesOrError (http://localhost:3000/_next/static/chunks/node_modules__pnpm_073u4m3._.js:1816:27)
    at createBaseTranslator (http://localhost:3000/_next/static/chunks/node_modules__pnpm_073u4m3._.js:1821:29)
    at useTranslationsImpl.useMemo[translate] (http://localhost:3000/_next/static/chunks/node_modules__pnpm_073u4m3._.js:2342:332)
    at mountMemo (http://localhost:3000/_next/static/chunks/0xn0_next_dist_compiled_react-dom_0tq~lu8._.js:5393:25)
    at Object.useMemo (http://localhost:3000/_next/static/chunks/0xn0_next_dist_compiled_react-dom_0tq~lu8._.js:15213:24)
    at exports.useMemo (http://localhost:3000/_next/static/chunks/0xn0_next_dist_compiled_0bc8sc2._.js:1742:36)
    at useTranslationsImpl (http://localhost:3000/_next/static/chunks/node_modules__pnpm_073u4m3._.js:2341:357)
    at useTranslations (http://localhost:3000/_next/static/chunks/node_modules__pnpm_073u4m3._.js:2380:12)
    at http://localhost:3000/_next/static/chunks/node_modules__pnpm_073u4m3._.js:5715:20
    at SeriesSection (http://localhost:3000/_next/static/chunks/_0gnusxm._.js?id=%255Bproject%255D%252Fcomponents%252Fseries%252Fseries-section.tsx+%255Bapp-client%255D+%2528ecmascript%2529:18:437)
    at Object.react_stack_bottom_frame (http://localhost:3000/_next/static/chunks/0xn0_next_dist_compiled_react-dom_0tq~lu8._.js:15037:24)
    at renderWithHooks (http://localhost:3000/_next/static/chunks/0xn0_next_dist_compiled_react-dom_0tq~lu8._.js:4620:24)
    at updateFunctionComponent (http://localhost:3000/_next/static/chunks/0xn0_next_dist_compiled_react-dom_0tq~lu8._.js:6081:21)
    at beginWork (http://localhost:3000/_next/static/chunks/0xn0_next_dist_compiled_react-dom_0tq~lu8._.js:6691:24)
    at runWithFiberInDEV (http://localhost:3000/_next/static/chunks/0xn0_next_dist_compiled_react-dom_0tq~lu8._.js:965:74)
    at performUnitOfWork (http://localhost:3000/_next/static/chunks/0xn0_next_dist_compiled_react-dom_0tq~lu8._.js:9555:97)
    at workLoopSync (http://localhost:3000/_next/static/chunks/0xn0_next_dist_compiled_react-dom_0tq~lu8._.js:9449:40)
    at renderRootSync (http://localhost:3000/_next/static/chunks/0xn0_next_dist_compiled_react-dom_0tq~lu8._.js:9433:13)
    at performWorkOnRoot (http://localhost:3000/_next/static/chunks/0xn0_next_dist_compiled_react-dom_0tq~lu8._.js:9061:186)
    at performSyncWorkOnRoot (http://localhost:3000/_next/static/chunks/0xn0_next_dist_compiled_react-dom_0tq~lu8._.js:10263:9)
    at flushSyncWorkAcrossRoots_impl (http://localhost:3000/_next/static/chunks/0xn0_next_dist_compiled_react-dom_0tq~lu8._.js:10179:316)
    at flushSyncWork$1 (http://localhost:3000/_next/static/chunks/0xn0_next_dist_compiled_react-dom_0tq~lu8._.js:9230:86)
    at Object.scheduleRefresh (http://localhost:3000/_next/static/chunks/0xn0_next_dist_compiled_react-dom_0tq~lu8._.js:299:13)
    at http://localhost:3000/_next/static/chunks/0xn0_next_dist_compiled_0bc8sc2._.js:391:33
    at Set.forEach (<anonymous>)
    at Object.performReactRefresh (http://localhost:3000/_next/static/chunks/0xn0_next_dist_compiled_0bc8sc2._.js:384:38)
    at applyUpdate (http://localhost:3000/_next/static/chunks/0xn0_next_dist_compiled_0bc8sc2._.js:878:31)
    at http://localhost:3000/_next/static/chunks/0xn0_next_dist_compiled_0bc8sc2._.js:886:13 @ http://localhost:3000/_next/static/chunks/0xn0_next_dist_0-rlh9~._.js:3318
[  155229ms] [ERROR] IntlError: MISSING_MESSAGE: Could not resolve `series` in messages for locale `ko`.
    at getMessagesOrError (http://localhost:3000/_next/static/chunks/node_modules__pnpm_073u4m3._.js:1816:27)
    at createBaseTranslator (http://localhost:3000/_next/static/chunks/node_modules__pnpm_073u4m3._.js:1821:29)
    at useTranslationsImpl.useMemo[translate] (http://localhost:3000/_next/static/chunks/node_modules__pnpm_073u4m3._.js:2342:332)
    at mountMemo (http://localhost:3000/_next/static/chunks/0xn0_next_dist_compiled_react-dom_0tq~lu8._.js:5393:25)
    at Object.useMemo (http://localhost:3000/_next/static/chunks/0xn0_next_dist_compiled_react-dom_0tq~lu8._.js:15213:24)
    at exports.useMemo (http://localhost:3000/_next/static/chunks/0xn0_next_dist_compiled_0bc8sc2._.js:1742:36)
    at useTranslationsImpl (http://localhost:3000/_next/static/chunks/node_modules__pnpm_073u4m3._.js:2341:357)
    at useTranslations (http://localhost:3000/_next/static/chunks/node_modules__pnpm_073u4m3._.js:2380:12)
    at http://localhost:3000/_next/static/chunks/node_modules__pnpm_073u4m3._.js:5715:20
    at SeriesSection (http://localhost:3000/_next/static/chunks/_0gnusxm._.js?id=%255Bproject%255D%252Fcomponents%252Fseries%252Fseries-section.tsx+%255Bapp-client%255D+%2528ecmascript%2529:18:437)
    at Object.react_stack_bottom_frame (http://localhost:3000/_next/static/chunks/0xn0_next_dist_compiled_react-dom_0tq~lu8._.js:15037:24)
    at renderWithHooks (http://localhost:3000/_next/static/chunks/0xn0_next_dist_compiled_react-dom_0tq~lu8._.js:4620:24)
    at updateFunctionComponent (http://localhost:3000/_next/static/chunks/0xn0_next_dist_compiled_react-dom_0tq~lu8._.js:6081:21)
    at beginWork (http://localhost:3000/_next/static/chunks/0xn0_next_dist_compiled_react-dom_0tq~lu8._.js:6691:24)
    at runWithFiberInDEV (http://localhost:3000/_next/static/chunks/0xn0_next_dist_compiled_react-dom_0tq~lu8._.js:965:74)
    at performUnitOfWork (http://localhost:3000/_next/static/chunks/0xn0_next_dist_compiled_react-dom_0tq~lu8._.js:9555:97)
    at workLoopSync (http://localhost:3000/_next/static/chunks/0xn0_next_dist_compiled_react-dom_0tq~lu8._.js:9449:40)
    at renderRootSync (http://localhost:3000/_next/static/chunks/0xn0_next_dist_compiled_react-dom_0tq~lu8._.js:9433:13)
    at performWorkOnRoot (http://localhost:3000/_next/static/chunks/0xn0_next_dist_compiled_react-dom_0tq~lu8._.js:9061:186)
    at performSyncWorkOnRoot (http://localhost:3000/_next/static/chunks/0xn0_next_dist_compiled_react-dom_0tq~lu8._.js:10263:9)
    at flushSyncWorkAcrossRoots_impl (http://localhost:3000/_next/static/chunks/0xn0_next_dist_compiled_react-dom_0tq~lu8._.js:10179:316)
    at flushSyncWork$1 (http://localhost:3000/_next/static/chunks/0xn0_next_dist_compiled_react-dom_0tq~lu8._.js:9230:86)
    at Object.scheduleRefresh (http://localhost:3000/_next/static/chunks/0xn0_next_dist_compiled_react-dom_0tq~lu8._.js:299:13)
    at http://localhost:3000/_next/static/chunks/0xn0_next_dist_compiled_0bc8sc2._.js:391:33
    at Set.forEach (<anonymous>)
    at Object.performReactRefresh (http://localhost:3000/_next/static/chunks/0xn0_next_dist_compiled_0bc8sc2._.js:384:38)
    at applyUpdate (http://localhost:3000/_next/static/chunks/0xn0_next_dist_compiled_0bc8sc2._.js:878:31)
    at http://localhost:3000/_next/static/chunks/0xn0_next_dist_compiled_0bc8sc2._.js:886:13 @ http://localhost:3000/_next/static/chunks/0xn0_next_dist_0-rlh9~._.js:3318
[  155229ms] [ERROR] IntlError: MISSING_MESSAGE: Could not resolve `series.kkom-kkom.name` in messages for locale `ko`.
    at getFallbackFromErrorAndNotify (http://localhost:3000/_next/static/chunks/node_modules__pnpm_073u4m3._.js:1830:23)
    at translateBaseFn (http://localhost:3000/_next/static/chunks/node_modules__pnpm_073u4m3._.js:1860:28)
    at translateFn (http://localhost:3000/_next/static/chunks/node_modules__pnpm_073u4m3._.js:1888:24)
    at SeriesCard (http://localhost:3000/_next/static/chunks/_0gnusxm._.js?id=%255Bproject%255D%252Fcomponents%252Fseries%252Fseries-card.tsx+%255Bapp-client%255D+%2528ecmascript%2529:24:18)
    at Object.react_stack_bottom_frame (http://localhost:3000/_next/static/chunks/0xn0_next_dist_compiled_react-dom_0tq~lu8._.js:15037:24)
    at renderWithHooks (http://localhost:3000/_next/static/chunks/0xn0_next_dist_compiled_react-dom_0tq~lu8._.js:4620:24)
    at updateFunctionComponent (http://localhost:3000/_next/static/chunks/0xn0_next_dist_compiled_react-dom_0tq~lu8._.js:6081:21)
    at beginWork (http://localhost:3000/_next/static/chunks/0xn0_next_dist_compiled_react-dom_0tq~lu8._.js:6691:24)
    at runWithFiberInDEV (http://localhost:3000/_next/static/chunks/0xn0_next_dist_compiled_react-dom_0tq~lu8._.js:965:74)
    at performUnitOfWork (http://localhost:3000/_next/static/chunks/0xn0_next_dist_compiled_react-dom_0tq~lu8._.js:9555:97)
    at workLoopConcurrentByScheduler (http://localhost:3000/_next/static/chunks/0xn0_next_dist_compiled_react-dom_0tq~lu8._.js:9551:58)
    at renderRootConcurrent (http://localhost:3000/_next/static/chunks/0xn0_next_dist_compiled_react-dom_0tq~lu8._.js:9534:71)
    at performWorkOnRoot (http://localhost:3000/_next/static/chunks/0xn0_next_dist_compiled_react-dom_0tq~lu8._.js:9061:150)
    at performWorkOnRootViaSchedulerTask (http://localhost:3000/_next/static/chunks/0xn0_next_dist_compiled_react-dom_0tq~lu8._.js:10255:9)
    at MessagePort.performWorkUntilDeadline (http://localhost:3000/_next/static/chunks/0xn0_next_dist_compiled_0bc8sc2._.js:2647:64) @ http://localhost:3000/_next/static/chunks/0xn0_next_dist_0-rlh9~._.js:3318
[  155229ms] [ERROR] IntlError: MISSING_MESSAGE: Could not resolve `series.postCount` in messages for locale `ko`.
    at getFallbackFromErrorAndNotify (http://localhost:3000/_next/static/chunks/node_modules__pnpm_073u4m3._.js:1830:23)
    at translateBaseFn (http://localhost:3000/_next/static/chunks/node_modules__pnpm_073u4m3._.js:1860:28)
    at translateFn (http://localhost:3000/_next/static/chunks/node_modules__pnpm_073u4m3._.js:1888:24)
    at SeriesCard (http://localhost:3000/_next/static/chunks/_0gnusxm._.js?id=%255Bproject%255D%252Fcomponents%252Fseries%252Fseries-card.tsx+%255Bapp-client%255D+%2528ecmascript%2529:53:39)
    at Object.react_stack_bottom_frame (http://localhost:3000/_next/static/chunks/0xn0_next_dist_compiled_react-dom_0tq~lu8._.js:15037:24)
    at renderWithHooks (http://localhost:3000/_next/static/chunks/0xn0_next_dist_compiled_react-dom_0tq~lu8._.js:4620:24)
    at updateFunctionComponent (http://localhost:3000/_next/static/chunks/0xn0_next_dist_compiled_react-dom_0tq~lu8._.js:6081:21)
    at beginWork (http://localhost:3000/_next/static/chunks/0xn0_next_dist_compiled_react-dom_0tq~lu8._.js:6691:24)
    at runWithFiberInDEV (http://localhost:3000/_next/static/chunks/0xn0_next_dist_compiled_react-dom_0tq~lu8._.js:965:74)
    at performUnitOfWork (http://localhost:3000/_next/static/chunks/0xn0_next_dist_compiled_react-dom_0tq~lu8._.js:9555:97)
    at workLoopConcurrentByScheduler (http://localhost:3000/_next/static/chunks/0xn0_next_dist_compiled_react-dom_0tq~lu8._.js:9551:58)
    at renderRootConcurrent (http://localhost:3000/_next/static/chunks/0xn0_next_dist_compiled_react-dom_0tq~lu8._.js:9534:71)
    at performWorkOnRoot (http://localhost:3000/_next/static/chunks/0xn0_next_dist_compiled_react-dom_0tq~lu8._.js:9061:150)
    at performWorkOnRootViaSchedulerTask (http://localhost:3000/_next/static/chunks/0xn0_next_dist_compiled_react-dom_0tq~lu8._.js:10255:9)
    at MessagePort.performWorkUntilDeadline (http://localhost:3000/_next/static/chunks/0xn0_next_dist_compiled_0bc8sc2._.js:2647:64) @ http://localhost:3000/_next/static/chunks/0xn0_next_dist_0-rlh9~._.js:3318
[  155229ms] [ERROR] IntlError: MISSING_MESSAGE: Could not resolve `series.kkom-kkom.description` in messages for locale `ko`.
    at getFallbackFromErrorAndNotify (http://localhost:3000/_next/static/chunks/node_modules__pnpm_073u4m3._.js:1830:23)
    at translateBaseFn (http://localhost:3000/_next/static/chunks/node_modules__pnpm_073u4m3._.js:1860:28)
    at translateFn (http://localhost:3000/_next/static/chunks/node_modules__pnpm_073u4m3._.js:1888:24)
    at SeriesCard (http://localhost:3000/_next/static/chunks/_0gnusxm._.js?id=%255Bproject%255D%252Fcomponents%252Fseries%252Fseries-card.tsx+%255Bapp-client%255D+%2528ecmascript%2529:77:31)
    at Object.react_stack_bottom_frame (http://localhost:3000/_next/static/chunks/0xn0_next_dist_compiled_react-dom_0tq~lu8._.js:15037:24)
    at renderWithHooks (http://localhost:3000/_next/static/chunks/0xn0_next_dist_compiled_react-dom_0tq~lu8._.js:4620:24)
    at updateFunctionComponent (http://localhost:3000/_next/static/chunks/0xn0_next_dist_compiled_react-dom_0tq~lu8._.js:6081:21)
    at beginWork (http://localhost:3000/_next/static/chunks/0xn0_next_dist_compiled_react-dom_0tq~lu8._.js:6691:24)
    at runWithFiberInDEV (http://localhost:3000/_next/static/chunks/0xn0_next_dist_compiled_react-dom_0tq~lu8._.js:965:74)
    at performUnitOfWork (http://localhost:3000/_next/static/chunks/0xn0_next_dist_compiled_react-dom_0tq~lu8._.js:9555:97)
    at workLoopConcurrentByScheduler (http://localhost:3000/_next/static/chunks/0xn0_next_dist_compiled_react-dom_0tq~lu8._.js:9551:58)
    at renderRootConcurrent (http://localhost:3000/_next/static/chunks/0xn0_next_dist_compiled_react-dom_0tq~lu8._.js:9534:71)
    at performWorkOnRoot (http://localhost:3000/_next/static/chunks/0xn0_next_dist_compiled_react-dom_0tq~lu8._.js:9061:150)
    at performWorkOnRootViaSchedulerTask (http://localhost:3000/_next/static/chunks/0xn0_next_dist_compiled_react-dom_0tq~lu8._.js:10255:9)
    at MessagePort.performWorkUntilDeadline (http://localhost:3000/_next/static/chunks/0xn0_next_dist_compiled_0bc8sc2._.js:2647:64) @ http://localhost:3000/_next/static/chunks/0xn0_next_dist_0-rlh9~._.js:3318
[  155230ms] [ERROR] IntlError: MISSING_MESSAGE: Could not resolve `series.kkom-kkom.name` in messages for locale `ko`.
    at getFallbackFromErrorAndNotify (http://localhost:3000/_next/static/chunks/node_modules__pnpm_073u4m3._.js:1830:23)
    at translateBaseFn (http://localhost:3000/_next/static/chunks/node_modules__pnpm_073u4m3._.js:1860:28)
    at translateFn (http://localhost:3000/_next/static/chunks/node_modules__pnpm_073u4m3._.js:1888:24)
    at SeriesCard (http://localhost:3000/_next/static/chunks/_0gnusxm._.js?id=%255Bproject%255D%252Fcomponents%252Fseries%252Fseries-card.tsx+%255Bapp-client%255D+%2528ecmascript%2529:24:18)
    at Object.react_stack_bottom_frame (http://localhost:3000/_next/static/chunks/0xn0_next_dist_compiled_react-dom_0tq~lu8._.js:15037:24)
    at renderWithHooksAgain (http://localhost:3000/_next/static/chunks/0xn0_next_dist_compiled_react-dom_0tq~lu8._.js:4675:24)
    at renderWithHooks (http://localhost:3000/_next/static/chunks/0xn0_next_dist_compiled_react-dom_0tq~lu8._.js:4626:28)
    at updateFunctionComponent (http://localhost:3000/_next/static/chunks/0xn0_next_dist_compiled_react-dom_0tq~lu8._.js:6081:21)
    at beginWork (http://localhost:3000/_next/static/chunks/0xn0_next_dist_compiled_react-dom_0tq~lu8._.js:6691:24)
    at runWithFiberInDEV (http://localhost:3000/_next/static/chunks/0xn0_next_dist_compiled_react-dom_0tq~lu8._.js:965:74)
    at performUnitOfWork (http://localhost:3000/_next/static/chunks/0xn0_next_dist_compiled_react-dom_0tq~lu8._.js:9555:97)
    at workLoopConcurrentByScheduler (http://localhost:3000/_next/static/chunks/0xn0_next_dist_compiled_react-dom_0tq~lu8._.js:9551:58)
    at renderRootConcurrent (http://localhost:3000/_next/static/chunks/0xn0_next_dist_compiled_react-dom_0tq~lu8._.js:9534:71)
    at performWorkOnRoot (http://localhost:3000/_next/static/chunks/0xn0_next_dist_compiled_react-dom_0tq~lu8._.js:9061:150)
    at performWorkOnRootViaSchedulerTask (http://localhost:3000/_next/static/chunks/0xn0_next_dist_compiled_react-dom_0tq~lu8._.js:10255:9)
    at MessagePort.performWorkUntilDeadline (http://localhost:3000/_next/static/chunks/0xn0_next_dist_compiled_0bc8sc2._.js:2647:64) @ http://localhost:3000/_next/static/chunks/0xn0_next_dist_0-rlh9~._.js:3318
[  155230ms] [ERROR] IntlError: MISSING_MESSAGE: Could not resolve `series.postCount` in messages for locale `ko`.
    at getFallbackFromErrorAndNotify (http://localhost:3000/_next/static/chunks/node_modules__pnpm_073u4m3._.js:1830:23)
    at translateBaseFn (http://localhost:3000/_next/static/chunks/node_modules__pnpm_073u4m3._.js:1860:28)
    at translateFn (http://localhost:3000/_next/static/chunks/node_modules__pnpm_073u4m3._.js:1888:24)
    at SeriesCard (http://localhost:3000/_next/static/chunks/_0gnusxm._.js?id=%255Bproject%255D%252Fcomponents%252Fseries%252Fseries-card.tsx+%255Bapp-client%255D+%2528ecmascript%2529:53:39)
    at Object.react_stack_bottom_frame (http://localhost:3000/_next/static/chunks/0xn0_next_dist_compiled_react-dom_0tq~lu8._.js:15037:24)
    at renderWithHooksAgain (http://localhost:3000/_next/static/chunks/0xn0_next_dist_compiled_react-dom_0tq~lu8._.js:4675:24)
    at renderWithHooks (http://localhost:3000/_next/static/chunks/0xn0_next_dist_compiled_react-dom_0tq~lu8._.js:4626:28)
    at updateFunctionComponent (http://localhost:3000/_next/static/chunks/0xn0_next_dist_compiled_react-dom_0tq~lu8._.js:6081:21)
    at beginWork (http://localhost:3000/_next/static/chunks/0xn0_next_dist_compiled_react-dom_0tq~lu8._.js:6691:24)
    at runWithFiberInDEV (http://localhost:3000/_next/static/chunks/0xn0_next_dist_compiled_react-dom_0tq~lu8._.js:965:74)
    at performUnitOfWork (http://localhost:3000/_next/static/chunks/0xn0_next_dist_compiled_react-dom_0tq~lu8._.js:9555:97)
    at workLoopConcurrentByScheduler (http://localhost:3000/_next/static/chunks/0xn0_next_dist_compiled_react-dom_0tq~lu8._.js:9551:58)
    at renderRootConcurrent (http://localhost:3000/_next/static/chunks/0xn0_next_dist_compiled_react-dom_0tq~lu8._.js:9534:71)
    at performWorkOnRoot (http://localhost:3000/_next/static/chunks/0xn0_next_dist_compiled_react-dom_0tq~lu8._.js:9061:150)
    at performWorkOnRootViaSchedulerTask (http://localhost:3000/_next/static/chunks/0xn0_next_dist_compiled_react-dom_0tq~lu8._.js:10255:9)
    at MessagePort.performWorkUntilDeadline (http://localhost:3000/_next/static/chunks/0xn0_next_dist_compiled_0bc8sc2._.js:2647:64) @ http://localhost:3000/_next/static/chunks/0xn0_next_dist_0-rlh9~._.js:3318
[  155230ms] [ERROR] IntlError: MISSING_MESSAGE: Could not resolve `series.kkom-kkom.description` in messages for locale `ko`.
    at getFallbackFromErrorAndNotify (http://localhost:3000/_next/static/chunks/node_modules__pnpm_073u4m3._.js:1830:23)
    at translateBaseFn (http://localhost:3000/_next/static/chunks/node_modules__pnpm_073u4m3._.js:1860:28)
    at translateFn (http://localhost:3000/_next/static/chunks/node_modules__pnpm_073u4m3._.js:1888:24)
    at SeriesCard (http://localhost:3000/_next/static/chunks/_0gnusxm._.js?id=%255Bproject%255D%252Fcomponents%252Fseries%252Fseries-card.tsx+%255Bapp-client%255D+%2528ecmascript%2529:77:31)
    at Object.react_stack_bottom_frame (http://localhost:3000/_next/static/chunks/0xn0_next_dist_compiled_react-dom_0tq~lu8._.js:15037:24)
    at renderWithHooksAgain (http://localhost:3000/_next/static/chunks/0xn0_next_dist_compiled_react-dom_0tq~lu8._.js:4675:24)
    at renderWithHooks (http://localhost:3000/_next/static/chunks/0xn0_next_dist_compiled_react-dom_0tq~lu8._.js:4626:28)
    at updateFunctionComponent (http://localhost:3000/_next/static/chunks/0xn0_next_dist_compiled_react-dom_0tq~lu8._.js:6081:21)
    at beginWork (http://localhost:3000/_next/static/chunks/0xn0_next_dist_compiled_react-dom_0tq~lu8._.js:6691:24)
    at runWithFiberInDEV (http://localhost:3000/_next/static/chunks/0xn0_next_dist_compiled_react-dom_0tq~lu8._.js:965:74)
    at performUnitOfWork (http://localhost:3000/_next/static/chunks/0xn0_next_dist_compiled_react-dom_0tq~lu8._.js:9555:97)
    at workLoopConcurrentByScheduler (http://localhost:3000/_next/static/chunks/0xn0_next_dist_compiled_react-dom_0tq~lu8._.js:9551:58)
    at renderRootConcurrent (http://localhost:3000/_next/static/chunks/0xn0_next_dist_compiled_react-dom_0tq~lu8._.js:9534:71)
    at performWorkOnRoot (http://localhost:3000/_next/static/chunks/0xn0_next_dist_compiled_react-dom_0tq~lu8._.js:9061:150)
    at performWorkOnRootViaSchedulerTask (http://localhost:3000/_next/static/chunks/0xn0_next_dist_compiled_react-dom_0tq~lu8._.js:10255:9)
    at MessagePort.performWorkUntilDeadline (http://localhost:3000/_next/static/chunks/0xn0_next_dist_compiled_0bc8sc2._.js:2647:64) @ http://localhost:3000/_next/static/chunks/0xn0_next_dist_0-rlh9~._.js:3318
[  155233ms] [ERROR] IntlError: MISSING_MESSAGE: Could not resolve `series.gheuppay.name` in messages for locale `ko`.
    at getFallbackFromErrorAndNotify (http://localhost:3000/_next/static/chunks/node_modules__pnpm_073u4m3._.js:1830:23)
    at translateBaseFn (http://localhost:3000/_next/static/chunks/node_modules__pnpm_073u4m3._.js:1860:28)
    at translateFn (http://localhost:3000/_next/static/chunks/node_modules__pnpm_073u4m3._.js:1888:24)
    at SeriesCard (http://localhost:3000/_next/static/chunks/_0gnusxm._.js?id=%255Bproject%255D%252Fcomponents%252Fseries%252Fseries-card.tsx+%255Bapp-client%255D+%2528ecmascript%2529:24:18)
    at Object.react_stack_bottom_frame (http://localhost:3000/_next/static/chunks/0xn0_next_dist_compiled_react-dom_0tq~lu8._.js:15037:24)
    at renderWithHooks (http://localhost:3000/_next/static/chunks/0xn0_next_dist_compiled_react-dom_0tq~lu8._.js:4620:24)
    at updateFunctionComponent (http://localhost:3000/_next/static/chunks/0xn0_next_dist_compiled_react-dom_0tq~lu8._.js:6081:21)
    at beginWork (http://localhost:3000/_next/static/chunks/0xn0_next_dist_compiled_react-dom_0tq~lu8._.js:6691:24)
    at runWithFiberInDEV (http://localhost:3000/_next/static/chunks/0xn0_next_dist_compiled_react-dom_0tq~lu8._.js:965:74)
    at performUnitOfWork (http://localhost:3000/_next/static/chunks/0xn0_next_dist_compiled_react-dom_0tq~lu8._.js:9555:97)
    at workLoopConcurrentByScheduler (http://localhost:3000/_next/static/chunks/0xn0_next_dist_compiled_react-dom_0tq~lu8._.js:9551:58)
    at renderRootConcurrent (http://localhost:3000/_next/static/chunks/0xn0_next_dist_compiled_react-dom_0tq~lu8._.js:9534:71)
    at performWorkOnRoot (http://localhost:3000/_next/static/chunks/0xn0_next_dist_compiled_react-dom_0tq~lu8._.js:9061:150)
    at performWorkOnRootViaSchedulerTask (http://localhost:3000/_next/static/chunks/0xn0_next_dist_compiled_react-dom_0tq~lu8._.js:10255:9)
    at MessagePort.performWorkUntilDeadline (http://localhost:3000/_next/static/chunks/0xn0_next_dist_compiled_0bc8sc2._.js:2647:64) @ http://localhost:3000/_next/static/chunks/0xn0_next_dist_0-rlh9~._.js:3318
[  155233ms] [ERROR] IntlError: MISSING_MESSAGE: Could not resolve `series.postCount` in messages for locale `ko`.
    at getFallbackFromErrorAndNotify (http://localhost:3000/_next/static/chunks/node_modules__pnpm_073u4m3._.js:1830:23)
    at translateBaseFn (http://localhost:3000/_next/static/chunks/node_modules__pnpm_073u4m3._.js:1860:28)
    at translateFn (http://localhost:3000/_next/static/chunks/node_modules__pnpm_073u4m3._.js:1888:24)
    at SeriesCard (http://localhost:3000/_next/static/chunks/_0gnusxm._.js?id=%255Bproject%255D%252Fcomponents%252Fseries%252Fseries-card.tsx+%255Bapp-client%255D+%2528ecmascript%2529:53:39)
    at Object.react_stack_bottom_frame (http://localhost:3000/_next/static/chunks/0xn0_next_dist_compiled_react-dom_0tq~lu8._.js:15037:24)
    at renderWithHooks (http://localhost:3000/_next/static/chunks/0xn0_next_dist_compiled_react-dom_0tq~lu8._.js:4620:24)
    at updateFunctionComponent (http://localhost:3000/_next/static/chunks/0xn0_next_dist_compiled_react-dom_0tq~lu8._.js:6081:21)
    at beginWork (http://localhost:3000/_next/static/chunks/0xn0_next_dist_compiled_react-dom_0tq~lu8._.js:6691:24)
    at runWithFiberInDEV (http://localhost:3000/_next/static/chunks/0xn0_next_dist_compiled_react-dom_0tq~lu8._.js:965:74)
    at performUnitOfWork (http://localhost:3000/_next/static/chunks/0xn0_next_dist_compiled_react-dom_0tq~lu8._.js:9555:97)
    at workLoopConcurrentByScheduler (http://localhost:3000/_next/static/chunks/0xn0_next_dist_compiled_react-dom_0tq~lu8._.js:9551:58)
    at renderRootConcurrent (http://localhost:3000/_next/static/chunks/0xn0_next_dist_compiled_react-dom_0tq~lu8._.js:9534:71)
    at performWorkOnRoot (http://localhost:3000/_next/static/chunks/0xn0_next_dist_compiled_react-dom_0tq~lu8._.js:9061:150)
    at performWorkOnRootViaSchedulerTask (http://localhost:3000/_next/static/chunks/0xn0_next_dist_compiled_react-dom_0tq~lu8._.js:10255:9)
    at MessagePort.performWorkUntilDeadline (http://localhost:3000/_next/static/chunks/0xn0_next_dist_compiled_0bc8sc2._.js:2647:64) @ http://localhost:3000/_next/static/chunks/0xn0_next_dist_0-rlh9~._.js:3318
[  155233ms] [ERROR] IntlError: MISSING_MESSAGE: Could not resolve `series.gheuppay.description` in messages for locale `ko`.
    at getFallbackFromErrorAndNotify (http://localhost:3000/_next/static/chunks/node_modules__pnpm_073u4m3._.js:1830:23)
    at translateBaseFn (http://localhost:3000/_next/static/chunks/node_modules__pnpm_073u4m3._.js:1860:28)
    at translateFn (http://localhost:3000/_next/static/chunks/node_modules__pnpm_073u4m3._.js:1888:24)
    at SeriesCard (http://localhost:3000/_next/static/chunks/_0gnusxm._.js?id=%255Bproject%255D%252Fcomponents%252Fseries%252Fseries-card.tsx+%255Bapp-client%255D+%2528ecmascript%2529:77:31)
    at Object.react_stack_bottom_frame (http://localhost:3000/_next/static/chunks/0xn0_next_dist_compiled_react-dom_0tq~lu8._.js:15037:24)
    at renderWithHooks (http://localhost:3000/_next/static/chunks/0xn0_next_dist_compiled_react-dom_0tq~lu8._.js:4620:24)
    at updateFunctionComponent (http://localhost:3000/_next/static/chunks/0xn0_next_dist_compiled_react-dom_0tq~lu8._.js:6081:21)
    at beginWork (http://localhost:3000/_next/static/chunks/0xn0_next_dist_compiled_react-dom_0tq~lu8._.js:6691:24)
    at runWithFiberInDEV (http://localhost:3000/_next/static/chunks/0xn0_next_dist_compiled_react-dom_0tq~lu8._.js:965:74)
    at performUnitOfWork (http://localhost:3000/_next/static/chunks/0xn0_next_dist_compiled_react-dom_0tq~lu8._.js:9555:97)
    at workLoopConcurrentByScheduler (http://localhost:3000/_next/static/chunks/0xn0_next_dist_compiled_react-dom_0tq~lu8._.js:9551:58)
    at renderRootConcurrent (http://localhost:3000/_next/static/chunks/0xn0_next_dist_compiled_react-dom_0tq~lu8._.js:9534:71)
    at performWorkOnRoot (http://localhost:3000/_next/static/chunks/0xn0_next_dist_compiled_react-dom_0tq~lu8._.js:9061:150)
    at performWorkOnRootViaSchedulerTask (http://localhost:3000/_next/static/chunks/0xn0_next_dist_compiled_react-dom_0tq~lu8._.js:10255:9)
    at MessagePort.performWorkUntilDeadline (http://localhost:3000/_next/static/chunks/0xn0_next_dist_compiled_0bc8sc2._.js:2647:64) @ http://localhost:3000/_next/static/chunks/0xn0_next_dist_0-rlh9~._.js:3318
[  155234ms] [ERROR] IntlError: MISSING_MESSAGE: Could not resolve `series.gheuppay.name` in messages for locale `ko`.
    at getFallbackFromErrorAndNotify (http://localhost:3000/_next/static/chunks/node_modules__pnpm_073u4m3._.js:1830:23)
    at translateBaseFn (http://localhost:3000/_next/static/chunks/node_modules__pnpm_073u4m3._.js:1860:28)
    at translateFn (http://localhost:3000/_next/static/chunks/node_modules__pnpm_073u4m3._.js:1888:24)
    at SeriesCard (http://localhost:3000/_next/static/chunks/_0gnusxm._.js?id=%255Bproject%255D%252Fcomponents%252Fseries%252Fseries-card.tsx+%255Bapp-client%255D+%2528ecmascript%2529:24:18)
    at Object.react_stack_bottom_frame (http://localhost:3000/_next/static/chunks/0xn0_next_dist_compiled_react-dom_0tq~lu8._.js:15037:24)
    at renderWithHooksAgain (http://localhost:3000/_next/static/chunks/0xn0_next_dist_compiled_react-dom_0tq~lu8._.js:4675:24)
    at renderWithHooks (http://localhost:3000/_next/static/chunks/0xn0_next_dist_compiled_react-dom_0tq~lu8._.js:4626:28)
    at updateFunctionComponent (http://localhost:3000/_next/static/chunks/0xn0_next_dist_compiled_react-dom_0tq~lu8._.js:6081:21)
    at beginWork (http://localhost:3000/_next/static/chunks/0xn0_next_dist_compiled_react-dom_0tq~lu8._.js:6691:24)
    at runWithFiberInDEV (http://localhost:3000/_next/static/chunks/0xn0_next_dist_compiled_react-dom_0tq~lu8._.js:965:74)
    at performUnitOfWork (http://localhost:3000/_next/static/chunks/0xn0_next_dist_compiled_react-dom_0tq~lu8._.js:9555:97)
    at workLoopConcurrentByScheduler (http://localhost:3000/_next/static/chunks/0xn0_next_dist_compiled_react-dom_0tq~lu8._.js:9551:58)
    at renderRootConcurrent (http://localhost:3000/_next/static/chunks/0xn0_next_dist_compiled_react-dom_0tq~lu8._.js:9534:71)
    at performWorkOnRoot (http://localhost:3000/_next/static/chunks/0xn0_next_dist_compiled_react-dom_0tq~lu8._.js:9061:150)
    at performWorkOnRootViaSchedulerTask (http://localhost:3000/_next/static/chunks/0xn0_next_dist_compiled_react-dom_0tq~lu8._.js:10255:9)
    at MessagePort.performWorkUntilDeadline (http://localhost:3000/_next/static/chunks/0xn0_next_dist_compiled_0bc8sc2._.js:2647:64) @ http://localhost:3000/_next/static/chunks/0xn0_next_dist_0-rlh9~._.js:3318
[  155234ms] [ERROR] IntlError: MISSING_MESSAGE: Could not resolve `series.postCount` in messages for locale `ko`.
    at getFallbackFromErrorAndNotify (http://localhost:3000/_next/static/chunks/node_modules__pnpm_073u4m3._.js:1830:23)
    at translateBaseFn (http://localhost:3000/_next/static/chunks/node_modules__pnpm_073u4m3._.js:1860:28)
    at translateFn (http://localhost:3000/_next/static/chunks/node_modules__pnpm_073u4m3._.js:1888:24)
    at SeriesCard (http://localhost:3000/_next/static/chunks/_0gnusxm._.js?id=%255Bproject%255D%252Fcomponents%252Fseries%252Fseries-card.tsx+%255Bapp-client%255D+%2528ecmascript%2529:53:39)
    at Object.react_stack_bottom_frame (http://localhost:3000/_next/static/chunks/0xn0_next_dist_compiled_react-dom_0tq~lu8._.js:15037:24)
    at renderWithHooksAgain (http://localhost:3000/_next/static/chunks/0xn0_next_dist_compiled_react-dom_0tq~lu8._.js:4675:24)
    at renderWithHooks (http://localhost:3000/_next/static/chunks/0xn0_next_dist_compiled_react-dom_0tq~lu8._.js:4626:28)
    at updateFunctionComponent (http://localhost:3000/_next/static/chunks/0xn0_next_dist_compiled_react-dom_0tq~lu8._.js:6081:21)
    at beginWork (http://localhost:3000/_next/static/chunks/0xn0_next_dist_compiled_react-dom_0tq~lu8._.js:6691:24)
    at runWithFiberInDEV (http://localhost:3000/_next/static/chunks/0xn0_next_dist_compiled_react-dom_0tq~lu8._.js:965:74)
    at performUnitOfWork (http://localhost:3000/_next/static/chunks/0xn0_next_dist_compiled_react-dom_0tq~lu8._.js:9555:97)
    at workLoopConcurrentByScheduler (http://localhost:3000/_next/static/chunks/0xn0_next_dist_compiled_react-dom_0tq~lu8._.js:9551:58)
    at renderRootConcurrent (http://localhost:3000/_next/static/chunks/0xn0_next_dist_compiled_react-dom_0tq~lu8._.js:9534:71)
    at performWorkOnRoot (http://localhost:3000/_next/static/chunks/0xn0_next_dist_compiled_react-dom_0tq~lu8._.js:9061:150)
    at performWorkOnRootViaSchedulerTask (http://localhost:3000/_next/static/chunks/0xn0_next_dist_compiled_react-dom_0tq~lu8._.js:10255:9)
    at MessagePort.performWorkUntilDeadline (http://localhost:3000/_next/static/chunks/0xn0_next_dist_compiled_0bc8sc2._.js:2647:64) @ http://localhost:3000/_next/static/chunks/0xn0_next_dist_0-rlh9~._.js:3318
[  155234ms] [ERROR] IntlError: MISSING_MESSAGE: Could not resolve `series.gheuppay.description` in messages for locale `ko`.
    at getFallbackFromErrorAndNotify (http://localhost:3000/_next/static/chunks/node_modules__pnpm_073u4m3._.js:1830:23)
    at translateBaseFn (http://localhost:3000/_next/static/chunks/node_modules__pnpm_073u4m3._.js:1860:28)
    at translateFn (http://localhost:3000/_next/static/chunks/node_modules__pnpm_073u4m3._.js:1888:24)
    at SeriesCard (http://localhost:3000/_next/static/chunks/_0gnusxm._.js?id=%255Bproject%255D%252Fcomponents%252Fseries%252Fseries-card.tsx+%255Bapp-client%255D+%2528ecmascript%2529:77:31)
    at Object.react_stack_bottom_frame (http://localhost:3000/_next/static/chunks/0xn0_next_dist_compiled_react-dom_0tq~lu8._.js:15037:24)
    at renderWithHooksAgain (http://localhost:3000/_next/static/chunks/0xn0_next_dist_compiled_react-dom_0tq~lu8._.js:4675:24)
    at renderWithHooks (http://localhost:3000/_next/static/chunks/0xn0_next_dist_compiled_react-dom_0tq~lu8._.js:4626:28)
    at updateFunctionComponent (http://localhost:3000/_next/static/chunks/0xn0_next_dist_compiled_react-dom_0tq~lu8._.js:6081:21)
    at beginWork (http://localhost:3000/_next/static/chunks/0xn0_next_dist_compiled_react-dom_0tq~lu8._.js:6691:24)
    at runWithFiberInDEV (http://localhost:3000/_next/static/chunks/0xn0_next_dist_compiled_react-dom_0tq~lu8._.js:965:74)
    at performUnitOfWork (http://localhost:3000/_next/static/chunks/0xn0_next_dist_compiled_react-dom_0tq~lu8._.js:9555:97)
    at workLoopConcurrentByScheduler (http://localhost:3000/_next/static/chunks/0xn0_next_dist_compiled_react-dom_0tq~lu8._.js:9551:58)
    at renderRootConcurrent (http://localhost:3000/_next/static/chunks/0xn0_next_dist_compiled_react-dom_0tq~lu8._.js:9534:71)
    at performWorkOnRoot (http://localhost:3000/_next/static/chunks/0xn0_next_dist_compiled_react-dom_0tq~lu8._.js:9061:150)
    at performWorkOnRootViaSchedulerTask (http://localhost:3000/_next/static/chunks/0xn0_next_dist_compiled_react-dom_0tq~lu8._.js:10255:9)
    at MessagePort.performWorkUntilDeadline (http://localhost:3000/_next/static/chunks/0xn0_next_dist_compiled_0bc8sc2._.js:2647:64) @ http://localhost:3000/_next/static/chunks/0xn0_next_dist_0-rlh9~._.js:3318
[  155235ms] [ERROR] IntlError: MISSING_MESSAGE: Could not resolve `series.fandomk.name` in messages for locale `ko`.
    at getFallbackFromErrorAndNotify (http://localhost:3000/_next/static/chunks/node_modules__pnpm_073u4m3._.js:1830:23)
    at translateBaseFn (http://localhost:3000/_next/static/chunks/node_modules__pnpm_073u4m3._.js:1860:28)
    at translateFn (http://localhost:3000/_next/static/chunks/node_modules__pnpm_073u4m3._.js:1888:24)
    at SeriesCard (http://localhost:3000/_next/static/chunks/_0gnusxm._.js?id=%255Bproject%255D%252Fcomponents%252Fseries%252Fseries-card.tsx+%255Bapp-client%255D+%2528ecmascript%2529:24:18)
    at Object.react_stack_bottom_frame (http://localhost:3000/_next/static/chunks/0xn0_next_dist_compiled_react-dom_0tq~lu8._.js:15037:24)
    at renderWithHooks (http://localhost:3000/_next/static/chunks/0xn0_next_dist_compiled_react-dom_0tq~lu8._.js:4620:24)
    at updateFunctionComponent (http://localhost:3000/_next/static/chunks/0xn0_next_dist_compiled_react-dom_0tq~lu8._.js:6081:21)
    at beginWork (http://localhost:3000/_next/static/chunks/0xn0_next_dist_compiled_react-dom_0tq~lu8._.js:6691:24)
    at runWithFiberInDEV (http://localhost:3000/_next/static/chunks/0xn0_next_dist_compiled_react-dom_0tq~lu8._.js:965:74)
    at performUnitOfWork (http://localhost:3000/_next/static/chunks/0xn0_next_dist_compiled_react-dom_0tq~lu8._.js:9555:97)
    at workLoopConcurrentByScheduler (http://localhost:3000/_next/static/chunks/0xn0_next_dist_compiled_react-dom_0tq~lu8._.js:9551:58)
    at renderRootConcurrent (http://localhost:3000/_next/static/chunks/0xn0_next_dist_compiled_react-dom_0tq~lu8._.js:9534:71)
    at performWorkOnRoot (http://localhost:3000/_next/static/chunks/0xn0_next_dist_compiled_react-dom_0tq~lu8._.js:9061:150)
    at performWorkOnRootViaSchedulerTask (http://localhost:3000/_next/static/chunks/0xn0_next_dist_compiled_react-dom_0tq~lu8._.js:10255:9)
    at MessagePort.performWorkUntilDeadline (http://localhost:3000/_next/static/chunks/0xn0_next_dist_compiled_0bc8sc2._.js:2647:64) @ http://localhost:3000/_next/static/chunks/0xn0_next_dist_0-rlh9~._.js:3318
[  155235ms] [ERROR] IntlError: MISSING_MESSAGE: Could not resolve `series.postCount` in messages for locale `ko`.
    at getFallbackFromErrorAndNotify (http://localhost:3000/_next/static/chunks/node_modules__pnpm_073u4m3._.js:1830:23)
    at translateBaseFn (http://localhost:3000/_next/static/chunks/node_modules__pnpm_073u4m3._.js:1860:28)
    at translateFn (http://localhost:3000/_next/static/chunks/node_modules__pnpm_073u4m3._.js:1888:24)
    at SeriesCard (http://localhost:3000/_next/static/chunks/_0gnusxm._.js?id=%255Bproject%255D%252Fcomponents%252Fseries%252Fseries-card.tsx+%255Bapp-client%255D+%2528ecmascript%2529:53:39)
    at Object.react_stack_bottom_frame (http://localhost:3000/_next/static/chunks/0xn0_next_dist_compiled_react-dom_0tq~lu8._.js:15037:24)
    at renderWithHooks (http://localhost:3000/_next/static/chunks/0xn0_next_dist_compiled_react-dom_0tq~lu8._.js:4620:24)
    at updateFunctionComponent (http://localhost:3000/_next/static/chunks/0xn0_next_dist_compiled_react-dom_0tq~lu8._.js:6081:21)
    at beginWork (http://localhost:3000/_next/static/chunks/0xn0_next_dist_compiled_react-dom_0tq~lu8._.js:6691:24)
    at runWithFiberInDEV (http://localhost:3000/_next/static/chunks/0xn0_next_dist_compiled_react-dom_0tq~lu8._.js:965:74)
    at performUnitOfWork (http://localhost:3000/_next/static/chunks/0xn0_next_dist_compiled_react-dom_0tq~lu8._.js:9555:97)
    at workLoopConcurrentByScheduler (http://localhost:3000/_next/static/chunks/0xn0_next_dist_compiled_react-dom_0tq~lu8._.js:9551:58)
    at renderRootConcurrent (http://localhost:3000/_next/static/chunks/0xn0_next_dist_compiled_react-dom_0tq~lu8._.js:9534:71)
    at performWorkOnRoot (http://localhost:3000/_next/static/chunks/0xn0_next_dist_compiled_react-dom_0tq~lu8._.js:9061:150)
    at performWorkOnRootViaSchedulerTask (http://localhost:3000/_next/static/chunks/0xn0_next_dist_compiled_react-dom_0tq~lu8._.js:10255:9)
    at MessagePort.performWorkUntilDeadline (http://localhost:3000/_next/static/chunks/0xn0_next_dist_compiled_0bc8sc2._.js:2647:64) @ http://localhost:3000/_next/static/chunks/0xn0_next_dist_0-rlh9~._.js:3318
[  155235ms] [ERROR] IntlError: MISSING_MESSAGE: Could not resolve `series.fandomk.description` in messages for locale `ko`.
    at getFallbackFromErrorAndNotify (http://localhost:3000/_next/static/chunks/node_modules__pnpm_073u4m3._.js:1830:23)
    at translateBaseFn (http://localhost:3000/_next/static/chunks/node_modules__pnpm_073u4m3._.js:1860:28)
    at translateFn (http://localhost:3000/_next/static/chunks/node_modules__pnpm_073u4m3._.js:1888:24)
    at SeriesCard (http://localhost:3000/_next/static/chunks/_0gnusxm._.js?id=%255Bproject%255D%252Fcomponents%252Fseries%252Fseries-card.tsx+%255Bapp-client%255D+%2528ecmascript%2529:77:31)
    at Object.react_stack_bottom_frame (http://localhost:3000/_next/static/chunks/0xn0_next_dist_compiled_react-dom_0tq~lu8._.js:15037:24)
    at renderWithHooks (http://localhost:3000/_next/static/chunks/0xn0_next_dist_compiled_react-dom_0tq~lu8._.js:4620:24)
    at updateFunctionComponent (http://localhost:3000/_next/static/chunks/0xn0_next_dist_compiled_react-dom_0tq~lu8._.js:6081:21)
    at beginWork (http://localhost:3000/_next/static/chunks/0xn0_next_dist_compiled_react-dom_0tq~lu8._.js:6691:24)
    at runWithFiberInDEV (http://localhost:3000/_next/static/chunks/0xn0_next_dist_compiled_react-dom_0tq~lu8._.js:965:74)
    at performUnitOfWork (http://localhost:3000/_next/static/chunks/0xn0_next_dist_compiled_react-dom_0tq~lu8._.js:9555:97)
    at workLoopConcurrentByScheduler (http://localhost:3000/_next/static/chunks/0xn0_next_dist_compiled_react-dom_0tq~lu8._.js:9551:58)
    at renderRootConcurrent (http://localhost:3000/_next/static/chunks/0xn0_next_dist_compiled_react-dom_0tq~lu8._.js:9534:71)
    at performWorkOnRoot (http://localhost:3000/_next/static/chunks/0xn0_next_dist_compiled_react-dom_0tq~lu8._.js:9061:150)
    at performWorkOnRootViaSchedulerTask (http://localhost:3000/_next/static/chunks/0xn0_next_dist_compiled_react-dom_0tq~lu8._.js:10255:9)
    at MessagePort.performWorkUntilDeadline (http://localhost:3000/_next/static/chunks/0xn0_next_dist_compiled_0bc8sc2._.js:2647:64) @ http://localhost:3000/_next/static/chunks/0xn0_next_dist_0-rlh9~._.js:3318
[  155236ms] [ERROR] IntlError: MISSING_MESSAGE: Could not resolve `series.fandomk.name` in messages for locale `ko`.
    at getFallbackFromErrorAndNotify (http://localhost:3000/_next/static/chunks/node_modules__pnpm_073u4m3._.js:1830:23)
    at translateBaseFn (http://localhost:3000/_next/static/chunks/node_modules__pnpm_073u4m3._.js:1860:28)
    at translateFn (http://localhost:3000/_next/static/chunks/node_modules__pnpm_073u4m3._.js:1888:24)
    at SeriesCard (http://localhost:3000/_next/static/chunks/_0gnusxm._.js?id=%255Bproject%255D%252Fcomponents%252Fseries%252Fseries-card.tsx+%255Bapp-client%255D+%2528ecmascript%2529:24:18)
    at Object.react_stack_bottom_frame (http://localhost:3000/_next/static/chunks/0xn0_next_dist_compiled_react-dom_0tq~lu8._.js:15037:24)
    at renderWithHooksAgain (http://localhost:3000/_next/static/chunks/0xn0_next_dist_compiled_react-dom_0tq~lu8._.js:4675:24)
    at renderWithHooks (http://localhost:3000/_next/static/chunks/0xn0_next_dist_compiled_react-dom_0tq~lu8._.js:4626:28)
    at updateFunctionComponent (http://localhost:3000/_next/static/chunks/0xn0_next_dist_compiled_react-dom_0tq~lu8._.js:6081:21)
    at beginWork (http://localhost:3000/_next/static/chunks/0xn0_next_dist_compiled_react-dom_0tq~lu8._.js:6691:24)
    at runWithFiberInDEV (http://localhost:3000/_next/static/chunks/0xn0_next_dist_compiled_react-dom_0tq~lu8._.js:965:74)
    at performUnitOfWork (http://localhost:3000/_next/static/chunks/0xn0_next_dist_compiled_react-dom_0tq~lu8._.js:9555:97)
    at workLoopConcurrentByScheduler (http://localhost:3000/_next/static/chunks/0xn0_next_dist_compiled_react-dom_0tq~lu8._.js:9551:58)
    at renderRootConcurrent (http://localhost:3000/_next/static/chunks/0xn0_next_dist_compiled_react-dom_0tq~lu8._.js:9534:71)
    at performWorkOnRoot (http://localhost:3000/_next/static/chunks/0xn0_next_dist_compiled_react-dom_0tq~lu8._.js:9061:150)
    at performWorkOnRootViaSchedulerTask (http://localhost:3000/_next/static/chunks/0xn0_next_dist_compiled_react-dom_0tq~lu8._.js:10255:9)
    at MessagePort.performWorkUntilDeadline (http://localhost:3000/_next/static/chunks/0xn0_next_dist_compiled_0bc8sc2._.js:2647:64) @ http://localhost:3000/_next/static/chunks/0xn0_next_dist_0-rlh9~._.js:3318
[  155236ms] [ERROR] IntlError: MISSING_MESSAGE: Could not resolve `series.postCount` in messages for locale `ko`.
    at getFallbackFromErrorAndNotify (http://localhost:3000/_next/static/chunks/node_modules__pnpm_073u4m3._.js:1830:23)
    at translateBaseFn (http://localhost:3000/_next/static/chunks/node_modules__pnpm_073u4m3._.js:1860:28)
    at translateFn (http://localhost:3000/_next/static/chunks/node_modules__pnpm_073u4m3._.js:1888:24)
    at SeriesCard (http://localhost:3000/_next/static/chunks/_0gnusxm._.js?id=%255Bproject%255D%252Fcomponents%252Fseries%252Fseries-card.tsx+%255Bapp-client%255D+%2528ecmascript%2529:53:39)
    at Object.react_stack_bottom_frame (http://localhost:3000/_next/static/chunks/0xn0_next_dist_compiled_react-dom_0tq~lu8._.js:15037:24)
    at renderWithHooksAgain (http://localhost:3000/_next/static/chunks/0xn0_next_dist_compiled_react-dom_0tq~lu8._.js:4675:24)
    at renderWithHooks (http://localhost:3000/_next/static/chunks/0xn0_next_dist_compiled_react-dom_0tq~lu8._.js:4626:28)
    at updateFunctionComponent (http://localhost:3000/_next/static/chunks/0xn0_next_dist_compiled_react-dom_0tq~lu8._.js:6081:21)
    at beginWork (http://localhost:3000/_next/static/chunks/0xn0_next_dist_compiled_react-dom_0tq~lu8._.js:6691:24)
    at runWithFiberInDEV (http://localhost:3000/_next/static/chunks/0xn0_next_dist_compiled_react-dom_0tq~lu8._.js:965:74)
    at performUnitOfWork (http://localhost:3000/_next/static/chunks/0xn0_next_dist_compiled_react-dom_0tq~lu8._.js:9555:97)
    at workLoopConcurrentByScheduler (http://localhost:3000/_next/static/chunks/0xn0_next_dist_compiled_react-dom_0tq~lu8._.js:9551:58)
    at renderRootConcurrent (http://localhost:3000/_next/static/chunks/0xn0_next_dist_compiled_react-dom_0tq~lu8._.js:9534:71)
    at performWorkOnRoot (http://localhost:3000/_next/static/chunks/0xn0_next_dist_compiled_react-dom_0tq~lu8._.js:9061:150)
    at performWorkOnRootViaSchedulerTask (http://localhost:3000/_next/static/chunks/0xn0_next_dist_compiled_react-dom_0tq~lu8._.js:10255:9)
    at MessagePort.performWorkUntilDeadline (http://localhost:3000/_next/static/chunks/0xn0_next_dist_compiled_0bc8sc2._.js:2647:64) @ http://localhost:3000/_next/static/chunks/0xn0_next_dist_0-rlh9~._.js:3318
[  155236ms] [ERROR] IntlError: MISSING_MESSAGE: Could not resolve `series.fandomk.description` in messages for locale `ko`.
    at getFallbackFromErrorAndNotify (http://localhost:3000/_next/static/chunks/node_modules__pnpm_073u4m3._.js:1830:23)
    at translateBaseFn (http://localhost:3000/_next/static/chunks/node_modules__pnpm_073u4m3._.js:1860:28)
    at translateFn (http://localhost:3000/_next/static/chunks/node_modules__pnpm_073u4m3._.js:1888:24)
    at SeriesCard (http://localhost:3000/_next/static/chunks/_0gnusxm._.js?id=%255Bproject%255D%252Fcomponents%252Fseries%252Fseries-card.tsx+%255Bapp-client%255D+%2528ecmascript%2529:77:31)
    at Object.react_stack_bottom_frame (http://localhost:3000/_next/static/chunks/0xn0_next_dist_compiled_react-dom_0tq~lu8._.js:15037:24)
    at renderWithHooksAgain (http://localhost:3000/_next/static/chunks/0xn0_next_dist_compiled_react-dom_0tq~lu8._.js:4675:24)
    at renderWithHooks (http://localhost:3000/_next/static/chunks/0xn0_next_dist_compiled_react-dom_0tq~lu8._.js:4626:28)
    at updateFunctionComponent (http://localhost:3000/_next/static/chunks/0xn0_next_dist_compiled_react-dom_0tq~lu8._.js:6081:21)
    at beginWork (http://localhost:3000/_next/static/chunks/0xn0_next_dist_compiled_react-dom_0tq~lu8._.js:6691:24)
    at runWithFiberInDEV (http://localhost:3000/_next/static/chunks/0xn0_next_dist_compiled_react-dom_0tq~lu8._.js:965:74)
    at performUnitOfWork (http://localhost:3000/_next/static/chunks/0xn0_next_dist_compiled_react-dom_0tq~lu8._.js:9555:97)
    at workLoopConcurrentByScheduler (http://localhost:3000/_next/static/chunks/0xn0_next_dist_compiled_react-dom_0tq~lu8._.js:9551:58)
    at renderRootConcurrent (http://localhost:3000/_next/static/chunks/0xn0_next_dist_compiled_react-dom_0tq~lu8._.js:9534:71)
    at performWorkOnRoot (http://localhost:3000/_next/static/chunks/0xn0_next_dist_compiled_react-dom_0tq~lu8._.js:9061:150)
    at performWorkOnRootViaSchedulerTask (http://localhost:3000/_next/static/chunks/0xn0_next_dist_compiled_react-dom_0tq~lu8._.js:10255:9)
    at MessagePort.performWorkUntilDeadline (http://localhost:3000/_next/static/chunks/0xn0_next_dist_compiled_0bc8sc2._.js:2647:64) @ http://localhost:3000/_next/static/chunks/0xn0_next_dist_0-rlh9~._.js:3318
[  168019ms] [LOG] [Fast Refresh] rebuilding @ http://localhost:3000/_next/static/chunks/0xn0_next_dist_0-rlh9~._.js:2477
[  168184ms] [LOG] [Fast Refresh] done in 136ms @ http://localhost:3000/_next/static/chunks/0xn0_next_dist_0-rlh9~._.js:2477
[  206112ms] [ERROR] WebSocket connection to 'ws://localhost:3000/_next/webpack-hmr?id=7Mqb2k-3-XOVET8jnvNPh' failed: Error in connection establishment: net::ERR_CONNECTION_REFUSED @ http://localhost:3000/_next/static/chunks/0xn0_next_dist_client_0v9rdp1._.js:13330
[  207114ms] [ERROR] WebSocket connection to 'ws://localhost:3000/_next/webpack-hmr?id=7Mqb2k-3-XOVET8jnvNPh' failed: Error in connection establishment: net::ERR_CONNECTION_REFUSED @ http://localhost:3000/_next/static/chunks/0xn0_next_dist_client_0v9rdp1._.js:13330
[  208619ms] [LOG] [HMR] connected @ http://localhost:3000/_next/static/chunks/0xn0_next_dist_0-rlh9~._.js:2477
[  209661ms] [INFO] %cDownload the React DevTools for a better development experience: https://react.dev/link/react-devtools font-weight:bold @ http://localhost:3000/_next/static/chunks/0xn0_next_dist_0-rlh9~._.js:2477
[  209685ms] [LOG] [HMR] connected @ http://localhost:3000/_next/static/chunks/0xn0_next_dist_0-rlh9~._.js:2477
[  222361ms] [LOG] [Fast Refresh] rebuilding @ http://localhost:3000/_next/static/chunks/0xn0_next_dist_0-rlh9~._.js:2477
[  223089ms] [LOG] [Fast Refresh] done in 829ms @ http://localhost:3000/_next/static/chunks/0xn0_next_dist_0-rlh9~._.js:2477
[  223744ms] [LOG] [Fast Refresh] rebuilding @ http://localhost:3000/_next/static/chunks/0xn0_next_dist_0-rlh9~._.js:2477
[  223761ms] [LOG] [Fast Refresh] done in 118ms @ http://localhost:3000/_next/static/chunks/0xn0_next_dist_0-rlh9~._.js:2477
